Company ID,Category,Hash
1,Retail,8659073855545147165
1,Dowjones,-7335146667561650934
1,SupermarketChains,-5036390465895693944
2,ECommerce,-6817648621524646992
2,Internet,9213653917245580410
2,Tech,2373442895034963753
2,Retail,8659073855545147165
3,Courier,8102328225368103528
3,Transportation,3140530495907979414
4,Retail,8659073855545147165
4,SupermarketChains,-5036390465895693944
5,Retail,8659073855545147165
5,Dowjones,-7335146667561650934
6,Retail,8659073855545147165
6,SupermarketChains,-5036390465895693944
7,Beverages,1448174480227667635
8,Investment,5327786409141802125
9,Healthcare,4999567491202240723
9,Insurance,7000230057071041224
9,Dowjones,-7335146667561650934
10,Courier,8102328225368103528
10,Transportation,3140530495907979414
11,ITservices,5294247540503510568
11,Professionalservices,2898755620386977973
12,Retail,8659073855545147165
12,Clothing,-4644728342255861508
13,Beverages,1448174480227667635
14,Retail,8659073855545147165
14,SupermarketChains,-5036390465895693944
15,Retail,8659073855545147165
16,ITservices,5294247540503510568
16,Professionalservices,2898755620386977973
17,Banks,5423772148476418639
17,Financialservices,996514602531674170
17,Dowjones,-7335146667561650934
18,Tech,2373442895034963753
18,Software,766138134349121984
18,Dowjones,-7335146667561650934
19,Manufacturing,918788116521242338
19,Electronics,-2937793794179883072
20,Food,-1791250089609384727
21,Banks,5423772148476418639
21,Financialservices,996514602531674170
22,Banks,5423772148476418639
22,Financialservices,996514602531674170
23,Software,766138134349121984
23,Tech,2373442895034963753
23,Dowjones,-7335146667561650934
23,Videogames,1877993705229312391
24,Healthcare,4999567491202240723
24,Pharmaceuticals,8926960006196816921
24,Drugstore,3865013570724868484
24,Retail,8659073855545147165
25,Banks,5423772148476418639
25,Financialservices,996514602531674170
26,Healthcare,4999567491202240723
27,Telecommunication,-366396660629370360
28,Dowjones,-7335146667561650934
28,Retail,8659073855545147165
28,Drugstore,3865013570724868484
28,Pharmaceuticals,8926960006196816921
29,Telecommunication,-366396660629370360
29,MediaPress,7487475509848793516
29,Entertainment,-5311217246468775200
30,Internet,9213653917245580410
30,Tech,2373442895034963753
30,Software,766138134349121984
30,Autonomousdriving,5432775636336383657
31,Automakers,5994205300980869916
31,Manufacturing,918788116521242338
32,Restaurantchains,8667423472038992413
32,Food,-1791250089609384727
33,Aerospace,836579566703634303
33,Defensecontractors,474986800324994455
34,Conglomerate,5540569127684541958
35,Tech,2373442895034963753
35,Software,766138134349121984
35,Dowjones,-7335146667561650934
35,TechHardware,1748841266191066881
35,Electronics,-2937793794179883072
36,Retail,8659073855545147165
38,Automakers,5994205300980869916
38,Manufacturing,918788116521242338
39,Entertainment,-5311217246468775200
39,Dowjones,-7335146667561650934
40,Tech,2373442895034963753
40,Software,766138134349121984
41,Hotels,-2209076433672162417
41,Travel,2883696693193604344
42,Aircraftmanufacturers,-6160482169693548275
42,Aerospace,836579566703634303
42,Dowjones,-7335146667561650934
42,Manufacturing,918788116521242338
43,Pharmaceuticals,8926960006196816921
43,Dowjones,-7335146667561650934
43,Biotech,-5477649158227911950
44,Food,-1791250089609384727
45,Tech,2373442895034963753
45,TechHardware,1748841266191066881
45,Electronics,-2937793794179883072
46,ITservices,5294247540503510568
46,Professionalservices,2898755620386977973
47,ScientificTechnicalInstruments,2033596973466528053
47,DiagnosticsandTesting,8570699210883174081
47,Biotech,-5477649158227911950
48,Airlines,-6774808088778716647
48,Travel,2883696693193604344
48,Transportation,3140530495907979414
50,Professionalservices,2898755620386977973
51,Semiconductors,7893943476131326539
51,Tech,2373442895034963753
51,Dowjones,-7335146667561650934
51,TechHardware,1748841266191066881
51,Manufacturing,918788116521242338
53,Hotels,-2209076433672162417
53,Travel,2883696693193604344
54,Telecommunication,-366396660629370360
54,Dowjones,-7335146667561650934
55,Aerospace,836579566703634303
55,Defensecontractors,474986800324994455
55,Aircraftmanufacturers,-6160482169693548275
55,Manufacturing,918788116521242338
56,Medicaldevices,-2739338454252634078
57,Dowjones,-7335146667561650934
57,Machinerymanufacturing,-3103102678660859997
57,Manufacturing,918788116521242338
58,Dowjones,-7335146667561650934
58,Consumergoods,3574918603920959279
59,Realestate,199837547090313934
59,Investment,5327786409141802125
60,Defensecontractors,474986800324994455
61,Retail,8659073855545147165
62,Retail,8659073855545147165
62,Clothing,-4644728342255861508
63,Restaurantchains,8667423472038992413
63,Food,-1791250089609384727
64,Restaurantchains,8667423472038992413
64,Dowjones,-7335146667561650934
64,Food,-1791250089609384727
65,Automakers,5994205300980869916
65,Tech,2373442895034963753
65,ElectricVehicles,-8747995993791387874
65,Bitcoin,2642950483153609966
65,Manufacturing,918788116521242338
65,EVcharging,-3738181771737897500
65,Autonomousdriving,5432775636336383657
66,Dowjones,-7335146667561650934
66,Aerospace,836579566703634303
66,Defensecontractors,474986800324994455
67,Retail,8659073855545147165
68,Healthcare,4999567491202240723
68,Insurance,7000230057071041224
70,Clothing,-4644728342255861508
70,Retail,8659073855545147165
71,Insurance,7000230057071041224
72,Dowjones,-7335146667561650934
72,GlovesPPE,3879227757795634341
73,Telecommunication,-366396660629370360
74,OilGas,-4192961412728851669
74,Energy,-2490813042158503427
75,Airlines,-6774808088778716647
75,Travel,2883696693193604344
75,Transportation,3140530495907979414
76,ITservices,5294247540503510568
78,Healthcare,4999567491202240723
79,Retail,8659073855545147165
80,Aerospace,836579566703634303
80,Defensecontractors,474986800324994455
81,Tech,2373442895034963753
81,Internet,9213653917245580410
82,Insurance,7000230057071041224
82,Professionalservices,2898755620386977973
83,Manufacturing,918788116521242338
83,Engineering,7526853480566394029
84,Travel,2883696693193604344
84,CruiseLines,-4084478583062520063
85,Tech,2373442895034963753
85,Electronics,-2937793794179883072
85,Networkinghardware,-3489790265185160176
85,Dowjones,-7335146667561650934
85,Telecommunicationsequipment,-7218120107949221687
85,TechHardware,1748841266191066881
86,Airlines,-6774808088778716647
86,Travel,2883696693193604344
86,Transportation,3140530495907979414
88,Restaurantchains,8667423472038992413
88,Food,-1791250089609384727
89,Banks,5423772148476418639
89,Financialservices,996514602531674170
89,Investment,5327786409141802125
90,Sportsgoods,6391679374394326830
90,Footwear,3919027092552316727
90,Dowjones,-7335146667561650934
90,Clothing,-4644728342255861508
91,Food,-1791250089609384727
92,Professionalservices,2898755620386977973
92,ITservices,5294247540503510568
92,Tech,2373442895034963753
93,Pharmaceuticals,8926960006196816921
93,Biotech,-5477649158227911950
94,Beverages,1448174480227667635
94,Dowjones,-7335146667561650934
95,Software,766138134349121984
95,Dowjones,-7335146667561650934
95,Tech,2373442895034963753
96,Conglomerate,5540569127684541958
97,Medicaldevices,-2739338454252634078
99,Machinerymanufacturing,-3103102678660859997
99,Manufacturing,918788116521242338
100,Pharmaceuticals,8926960006196816921
100,Biotech,-5477649158227911950
101,Telecommunication,-366396660629370360
102,Restaurantchains,8667423472038992413
102,Food,-1791250089609384727
104,Healthcare,4999567491202240723
104,Insurance,7000230057071041224
105,Insurance,7000230057071041224
107,Tires,1872452259686374751
108,Luxurygoods,1186266117930339670
108,Retail,8659073855545147165
109,Professionalservices,2898755620386977973
109,Advertising,7742423205113412157
110,Toolmanufacturers,6447818282228269151
110,Manufacturing,918788116521242338
111,AutomotiveSuppliers,-1093391624519020231
114,Banks,5423772148476418639
114,Financialservices,996514602531674170
115,Tobacco,8606360336396138978
116,Retail,8659073855545147165
117,HomeKitchenAppliances,-8539574359071434670
117,Manufacturing,918788116521242338
118,Healthcare,4999567491202240723
119,Genomics,7669643140906320693
119,Biotech,-5477649158227911950
119,Manufacturing,918788116521242338
120,Pharmaceuticals,8926960006196816921
120,Dowjones,-7335146667561650934
120,Biotech,-5477649158227911950
121,Electronics,-2937793794179883072
122,Financialservices,996514602531674170
122,Tech,2373442895034963753
123,Dowjones,-7335146667561650934
123,Financialservices,996514602531674170
124,OilGas,-4192961412728851669
124,Energy,-2490813042158503427
125,Airlines,-6774808088778716647
125,Travel,2883696693193604344
125,Transportation,3140530495907979414
127,Retail,8659073855545147165
129,Professionalservices,2898755620386977973
129,ITservices,5294247540503510568
129,Software,766138134349121984
129,Tech,2373442895034963753
131,PaintCoating,1335565877116293984
132,Tech,2373442895034963753
132,Networkinghardware,-3489790265185160176
133,Pharmaceuticals,8926960006196816921
133,Biotech,-5477649158227911950
133,Healthcare,4999567491202240723
134,Software,766138134349121984
134,ITservices,5294247540503510568
134,Professionalservices,2898755620386977973
134,Tech,2373442895034963753
135,Machinerymanufacturing,-3103102678660859997
135,Manufacturing,918788116521242338
136,Banks,5423772148476418639
136,Financialservices,996514602531674170
140,Tech,2373442895034963753
140,ITservices,5294247540503510568
140,Professionalservices,2898755620386977973
141,Healthcare,4999567491202240723
142,Retail,8659073855545147165
142,Electronics,-2937793794179883072
143,Advertising,7742423205113412157
146,OilGas,-4192961412728851669
146,Energy,-2490813042158503427
148,Retail,8659073855545147165
148,Drugstore,3865013570724868484
148,Pharmaceuticals,8926960006196816921
149,Banks,5423772148476418639
149,Financialservices,996514602531674170
150,Gambling,-3256085164464164845
150,Hotels,-2209076433672162417
150,Entertainment,-5311217246468775200
150,Travel,2883696693193604344
152,Banks,5423772148476418639
152,Financialservices,996514602531674170
154,Healthcare,4999567491202240723
154,MedicalCareFacilities,9105344788745331509
155,Tech,2373442895034963753
155,TechHardware,1748841266191066881
155,Electronics,-2937793794179883072
156,Banks,5423772148476418639
156,Financialservices,996514602531674170
158,Retail,8659073855545147165
159,DiagnosticsandTesting,8570699210883174081
160,Biotech,-5477649158227911950
160,Pharmaceuticals,8926960006196816921
161,Packaging,1057308400848339902
162,Chemicals,1532779266960090644
162,PaintCoating,1335565877116293984
163,AutomotiveSuppliers,-1093391624519020231
164,Banks,5423772148476418639
164,Dowjones,-7335146667561650934
164,Financialservices,996514602531674170
165,Insurance,7000230057071041224
166,Gambling,-3256085164464164845
166,Entertainment,-5311217246468775200
167,WasteRecycling,4111722913158069628
168,Tech,2373442895034963753
168,TechHardware,1748841266191066881
168,Semiconductors,7893943476131326539
172,Medicaldevices,-2739338454252634078
173,autoparts,1086841473223344843
174,Food,-1791250089609384727
174,Restaurantchains,8667423472038992413
175,Healthcare,4999567491202240723
176,Tech,2373442895034963753
176,Semiconductors,7893943476131326539
176,TechHardware,1748841266191066881
177,Manufacturing,918788116521242338
178,Toolmanufacturers,6447818282228269151
178,Manufacturing,918788116521242338
179,CosmeticsandBeauty,-1391700480064620338
179,Consumergoods,3574918603920959279
180,Hotels,-2209076433672162417
180,Gambling,-3256085164464164845
180,Entertainment,-5311217246468775200
180,Travel,2883696693193604344
181,Hotels,-2209076433672162417
181,Travel,2883696693193604344
182,Software,766138134349121984
182,ITsecurity,-6218229013132378724
182,Tech,2373442895034963753
183,Defensecontractors,474986800324994455
184,Financialservices,996514602531674170
184,Tech,2373442895034963753
186,Transportation,3140530495907979414
189,Transportation,3140530495907979414
189,RentalLeasingServices,8509650716500142439
190,OilGas,-4192961412728851669
190,Dowjones,-7335146667561650934
190,Energy,-2490813042158503427
191,Healthcare,4999567491202240723
193,Financialservices,996514602531674170
193,Banks,5423772148476418639
194,Medicaldevices,-2739338454252634078
196,Insurance,7000230057071041224
197,Professionalservices,2898755620386977973
199,Professionalservices,2898755620386977973
200,Travel,2883696693193604344
200,CruiseLines,-4084478583062520063
202,Food,-1791250089609384727
204,Wellness,1737690534073754958
205,Insurance,7000230057071041224
206,Professionalservices,2898755620386977973
206,Software,766138134349121984
206,Tech,2373442895034963753
207,Pulpandpaper,-2756073516127434538
208,Tech,2373442895034963753
208,Software,766138134349121984
209,Pharmaceuticals,8926960006196816921
209,Biotech,-5477649158227911950
210,Insurance,7000230057071041224
212,Restaurantchains,8667423472038992413
213,Food,-1791250089609384727
217,Dowjones,-7335146667561650934
217,Chemicals,1532779266960090644
218,Financialservices,996514602531674170
218,Banks,5423772148476418639
219,Tech,2373442895034963753
219,Telecommunication,-366396660629370360
220,WasteRecycling,4111722913158069628
221,Pharmaceuticals,8926960006196816921
221,Biotech,-5477649158227911950
223,CruiseLines,-4084478583062520063
223,Travel,2883696693193604344
224,Food,-1791250089609384727
227,Consumergoods,3574918603920959279
229,Healthcare,4999567491202240723
230,Conglomerate,5540569127684541958
231,Ridesharing,-781225771775977297
231,Internet,9213653917245580410
231,Tech,2373442895034963753
231,Transportation,3140530495907979414
232,Food,-1791250089609384727
233,Pharmaceuticals,8926960006196816921
233,Biotech,-5477649158227911950
234,Transportation,3140530495907979414
235,SpecialtyVehicles,8273981569943876362
236,Retail,8659073855545147165
237,Manufacturing,918788116521242338
237,Electronics,-2937793794179883072
237,Tech,2373442895034963753
237,TechHardware,1748841266191066881
238,Consumergoods,3574918603920959279
239,Semiconductors,7893943476131326539
239,Tech,2373442895034963753
239,TechHardware,1748841266191066881
240,Electricity,3312256779847957138
242,Food,-1791250089609384727
242,Retail,8659073855545147165
243,Food,-1791250089609384727
244,Semiconductors,7893943476131326539
244,Tech,2373442895034963753
244,TechHardware,1748841266191066881
245,Financialservices,996514602531674170
245,Tech,2373442895034963753
245,Internet,9213653917245580410
245,Bitcoin,2642950483153609966
246,Railways,463459621687010117
246,Transportation,3140530495907979414
246,Infrastructure,2757938290564691464
248,Manufacturing,918788116521242338
249,Dowjones,-7335146667561650934
249,Insurance,7000230057071041224
250,Electronics,-2937793794179883072
251,Clothing,-4644728342255861508
251,Retail,8659073855545147165
252,Engineering,7526853480566394029
254,Buildingmaterials,7986863683299917669
255,Telecommunicationsequipment,-7218120107949221687
256,Semiconductors,7893943476131326539
256,Electronics,-2937793794179883072
256,Tech,2373442895034963753
257,Usedcarretailer,478601098661270227
257,Carretail,8678176018572341209
258,ITservices,5294247540503510568
258,Professionalservices,2898755620386977973
259,ITservices,5294247540503510568
259,Professionalservices,2898755620386977973
262,Steelproducers,8081884644680932068
262,Steelindustry,4200822821996594004
264,Retail,8659073855545147165
265,Insurance,7000230057071041224
266,Food,-1791250089609384727
267,Engineering,7526853480566394029
268,Chemicals,1532779266960090644
270,Energy,-2490813042158503427
270,Electricity,3312256779847957138
270,OilGas,-4192961412728851669
270,Utilitycompanies,3956169596559111944
271,Transportation,3140530495907979414
272,Energy,-2490813042158503427
272,OilGas,-4192961412728851669
273,Energy,-2490813042158503427
273,OilGas,-4192961412728851669
273,Electricity,3312256779847957138
273,Utilitycompanies,3956169596559111944
274,Steelproducers,8081884644680932068
274,Steelindustry,4200822821996594004
275,Beverages,1448174480227667635
276,Hotels,-2209076433672162417
276,Gambling,-3256085164464164845
276,Entertainment,-5311217246468775200
276,Travel,2883696693193604344
278,Retail,8659073855545147165
279,Realestate,199837547090313934
279,Financialservices,996514602531674170
280,Packaging,1057308400848339902
280,Manufacturing,918788116521242338
281,Electricity,3312256779847957138
281,Energy,-2490813042158503427
281,OilGas,-4192961412728851669
283,Retail,8659073855545147165
284,Software,766138134349121984
284,Tech,2373442895034963753
286,Education,-1919223710078369369
288,MediaPress,7487475509848793516
293,Professionalservices,2898755620386977973
294,Financialservices,996514602531674170
294,Tech,2373442895034963753
296,Software,766138134349121984
296,Tech,2373442895034963753
297,Sportsgoods,6391679374394326830
299,Mining,5530308889125531621
300,Semiconductors,7893943476131326539
300,Tech,2373442895034963753
300,Manufacturing,918788116521242338
301,Transportation,3140530495907979414
302,Steelproducers,8081884644680932068
302,Steelindustry,4200822821996594004
303,Packaging,1057308400848339902
304,Pharmaceuticals,8926960006196816921
304,Dowjones,-7335146667561650934
304,Biotech,-5477649158227911950
305,MedicalCareFacilities,9105344788745331509
308,Retail,8659073855545147165
308,SupermarketChains,-5036390465895693944
310,FlavorsFragrances,8734823338155558507
310,CosmeticsandBeauty,-1391700480064620338
311,Financialservices,996514602531674170
313,Tech,2373442895034963753
313,TechHardware,1748841266191066881
313,Electronics,-2937793794179883072
314,Financialservices,996514602531674170
315,Carrental,-2655407290087228715
316,Food,-1791250089609384727
317,MediaPress,7487475509848793516
317,Entertainment,-5311217246468775200
318,Financialservices,996514602531674170
321,Medicaldevices,-2739338454252634078
321,Tech,2373442895034963753
323,Food,-1791250089609384727
323,Restaurantchains,8667423472038992413
324,Tech,2373442895034963753
324,Semiconductors,7893943476131326539
324,Electronics,-2937793794179883072
324,TechHardware,1748841266191066881
324,Autonomousdriving,5432775636336383657
325,Airlines,-6774808088778716647
325,Travel,2883696693193604344
325,Transportation,3140530495907979414
327,Usedcarretailer,478601098661270227
327,Carretail,8678176018572341209
328,Sportsgoods,6391679374394326830
328,Retail,8659073855545147165
329,Financialservices,996514602531674170
329,Software,766138134349121984
329,Tech,2373442895034963753
333,Healthcare,4999567491202240723
334,Gambling,-3256085164464164845
334,Entertainment,-5311217246468775200
335,Railways,463459621687010117
335,Transportation,3140530495907979414
335,Infrastructure,2757938290564691464
336,Food,-1791250089609384727
337,Internet,9213653917245580410
337,ECommerce,-6817648621524646992
337,Tech,2373442895034963753
338,Restaurantchains,8667423472038992413
338,Food,-1791250089609384727
339,Carretail,8678176018572341209
339,Retail,8659073855545147165
340,Internet,9213653917245580410
340,Usedcarretailer,478601098661270227
340,Carretail,8678176018572341209
342,Healthcare,4999567491202240723
343,Professionalservices,2898755620386977973
343,Engineering,7526853480566394029
344,Tech,2373442895034963753
344,TechHardware,1748841266191066881
344,Semiconductors,7893943476131326539
345,Agriculture,5069297574132306034
345,Chemicals,1532779266960090644
346,Chemicals,1532779266960090644
350,RentalLeasingServices,8509650716500142439
352,Insurance,7000230057071041224
352,Investment,5327786409141802125
353,Clothing,-4644728342255861508
353,Footwear,3919027092552316727
354,Airlines,-6774808088778716647
354,Travel,2883696693193604344
354,Transportation,3140530495907979414
355,Healthcare,4999567491202240723
356,Advertising,7742423205113412157
357,AutomotiveSuppliers,-1093391624519020231
358,Buildingmaterials,7986863683299917669
362,Food,-1791250089609384727
363,Semiconductors,7893943476131326539
363,Tech,2373442895034963753
364,WasteRecycling,4111722913158069628
365,Banks,5423772148476418639
365,Financialservices,996514602531674170
366,Financialservices,996514602531674170
367,Aerospace,836579566703634303
371,Medicaldevices,-2739338454252634078
372,Internet,9213653917245580410
372,Travel,2883696693193604344
372,OnlineTravel,2474690842533498415
372,Tech,2373442895034963753
373,ScientificTechnicalInstruments,2033596973466528053
373,Tech,2373442895034963753
374,Financialservices,996514602531674170
374,Banks,5423772148476418639
375,Banks,5423772148476418639
375,Financialservices,996514602531674170
376,Chemicals,1532779266960090644
377,Transportation,3140530495907979414
378,Pharmaceuticals,8926960006196816921
378,Biotech,-5477649158227911950
380,Telecommunicationsequipment,-7218120107949221687
381,Semiconductors,7893943476131326539
381,Tech,2373442895034963753
381,TechHardware,1748841266191066881
382,Biotech,-5477649158227911950
383,Insurance,7000230057071041224
383,Investment,5327786409141802125
383,Financialservices,996514602531674170
385,Electronics,-2937793794179883072
385,Manufacturing,918788116521242338
386,Investment,5327786409141802125
387,WasteRecycling,4111722913158069628
388,Electronics,-2937793794179883072
389,Transportation,3140530495907979414
390,Railways,463459621687010117
390,Infrastructure,2757938290564691464
391,Financialservices,996514602531674170
391,Insurance,7000230057071041224
393,Realestate,199837547090313934
393,Investment,5327786409141802125
393,REITs,-4500283884546034606
395,Internet,9213653917245580410
395,ECommerce,-6817648621524646992
395,Tech,2373442895034963753
395,Retail,8659073855545147165
397,AutomotiveSuppliers,-1093391624519020231
397,autoparts,1086841473223344843
399,Financialservices,996514602531674170
401,Food,-1791250089609384727
402,Sportsgoods,6391679374394326830
404,Biotech,-5477649158227911950
404,Manufacturing,918788116521242338
405,Energy,-2490813042158503427
405,OilGas,-4192961412728851669
406,SupermarketChains,-5036390465895693944
406,Retail,8659073855545147165
406,Food,-1791250089609384727
407,Financialservices,996514602531674170
407,Banks,5423772148476418639
408,Healthcare,4999567491202240723
409,Software,766138134349121984
409,Tech,2373442895034963753
410,Banks,5423772148476418639
410,Financialservices,996514602531674170
411,Electricity,3312256779847957138
411,Energy,-2490813042158503427
411,Utilitycompanies,3956169596559111944
412,Software,766138134349121984
412,Tech,2373442895034963753
415,Software,766138134349121984
415,Tech,2373442895034963753
416,Software,766138134349121984
416,Internet,9213653917245580410
416,Tech,2373442895034963753
417,Travel,2883696693193604344
417,MediaPress,7487475509848793516
418,PaintCoating,1335565877116293984
418,Buildingmaterials,7986863683299917669
419,Financialservices,996514602531674170
420,Electricity,3312256779847957138
420,Energy,-2490813042158503427
421,Food,-1791250089609384727
423,Professionalservices,2898755620386977973
424,Footwear,3919027092552316727
424,Retail,8659073855545147165
425,Packaging,1057308400848339902
427,Retail,8659073855545147165
427,CosmeticsandBeauty,-1391700480064620338
429,Insurance,7000230057071041224
429,RentalLeasingServices,8509650716500142439
430,Software,766138134349121984
430,Semiconductors,7893943476131326539
430,Tech,2373442895034963753
430,Electronics,-2937793794179883072
430,TechHardware,1748841266191066881
431,MediaPress,7487475509848793516
432,ITservices,5294247540503510568
432,Software,766138134349121984
432,Tech,2373442895034963753
433,Alcoholicbeverages,-3268482338190408610
433,Beverages,1448174480227667635
434,Realestate,199837547090313934
434,Investment,5327786409141802125
435,Medicaldevices,-2739338454252634078
437,Electronics,-2937793794179883072
440,Software,766138134349121984
440,Tech,2373442895034963753
441,Manufacturing,918788116521242338
442,Carrental,-2655407290087228715
443,Automakers,5994205300980869916
445,Chemicals,1532779266960090644
445,Healthcare,4999567491202240723
446,Professionalservices,2898755620386977973
449,Medicaldevices,-2739338454252634078
453,Tech,2373442895034963753
453,Semiconductors,7893943476131326539
453,Electronics,-2937793794179883072
453,TechHardware,1748841266191066881
454,Energy,-2490813042158503427
454,OilGas,-4192961412728851669
454,Electricity,3312256779847957138
454,Infrastructure,2757938290564691464
457,Airlines,-6774808088778716647
457,Travel,2883696693193604344
457,Transportation,3140530495907979414
460,Telecommunication,-366396660629370360
462,Advertising,7742423205113412157
463,Transportation,3140530495907979414
467,Energy,-2490813042158503427
467,Electricity,3312256779847957138
467,Utilitycompanies,3956169596559111944
467,Renewableenergy,-8055854468016752467
468,Internet,9213653917245580410
468,ECommerce,-6817648621524646992
468,Tech,2373442895034963753
469,Retail,8659073855545147165
469,Clothing,-4644728342255861508
470,Travel,2883696693193604344
470,Internet,9213653917245580410
470,OnlineTravel,2474690842533498415
470,Tech,2373442895034963753
471,Mining,5530308889125531621
472,Software,766138134349121984
472,Tech,2373442895034963753
473,Food,-1791250089609384727
474,Engineering,7526853480566394029
474,Professionalservices,2898755620386977973
475,Semiconductors,7893943476131326539
475,Tech,2373442895034963753
475,TechHardware,1748841266191066881
476,StaffingEmploymentServices,7588518777105528258
476,Professionalservices,2898755620386977973
477,Financialservices,996514602531674170
478,WasteRecycling,4111722913158069628
479,Chemicals,1532779266960090644
481,Telecommunication,-366396660629370360
482,Mining,5530308889125531621
482,Goldmining,-4405332145365162528
483,Pharmaceuticals,8926960006196816921
483,Biotech,-5477649158227911950
484,Professionalservices,2898755620386977973
484,Financialservices,996514602531674170
487,Healthcare,4999567491202240723
490,Clothing,-4644728342255861508
491,Healthcare,4999567491202240723
491,Insurance,7000230057071041224
492,Clothing,-4644728342255861508
493,Education,-1919223710078369369
494,Pizza,4548181288897963740
494,Food,-1791250089609384727
494,Restaurantchains,8667423472038992413
497,Glassesandcontactlenses,5248397299839365754
498,Medicaldevices,-2739338454252634078
499,OilGas,-4192961412728851669
499,Energy,-2490813042158503427
500,Food,-1791250089609384727
501,Semiconductors,7893943476131326539
501,Tech,2373442895034963753
501,TechHardware,1748841266191066881
502,Chemicals,1532779266960090644
505,Electricity,3312256779847957138
505,Energy,-2490813042158503427
506,Restaurantchains,8667423472038992413
506,Entertainment,-5311217246468775200
509,Steelproducers,8081884644680932068
509,Steelindustry,4200822821996594004
509,Aluminum,-7547891053699719918
512,Chemicals,1532779266960090644
513,Footwear,3919027092552316727
517,MediaPress,7487475509848793516
522,Beverages,1448174480227667635
526,Healthcare,4999567491202240723
528,Videogames,1877993705229312391
528,Esports,-5699021814185712751
528,Entertainment,-5311217246468775200
528,Tech,2373442895034963753
529,Retail,8659073855545147165
530,Furniture,2832498173780617864
531,Toolmanufacturers,6447818282228269151
531,Manufacturing,918788116521242338
533,Clothing,-4644728342255861508
533,Retail,8659073855545147165
534,Financialservices,996514602531674170
535,Electricity,3312256779847957138
535,Energy,-2490813042158503427
536,Clothing,-4644728342255861508
537,Software,766138134349121984
537,Tech,2373442895034963753
538,Retail,8659073855545147165
539,Tech,2373442895034963753
539,Software,766138134349121984
539,ITsecurity,-6218229013132378724
539,Networkinghardware,-3489790265185160176
540,OilGas,-4192961412728851669
540,Energy,-2490813042158503427
541,Fertilizercompanies,-1572321612940954668
542,Clothing,-4644728342255861508
542,Retail,8659073855545147165
545,Electricity,3312256779847957138
545,Energy,-2490813042158503427
546,Hotels,-2209076433672162417
546,Travel,2883696693193604344
547,Aluminum,-7547891053699719918
548,Retail,8659073855545147165
548,HomeKitchenAppliances,-8539574359071434670
548,Furniture,2832498173780617864
549,MediaPress,7487475509848793516
550,Pharmaceuticals,8926960006196816921
550,Biotech,-5477649158227911950
552,ITservices,5294247540503510568
552,Professionalservices,2898755620386977973
553,PaintCoating,1335565877116293984
554,Videogames,1877993705229312391
554,Retail,8659073855545147165
555,Food,-1791250089609384727
557,Steelproducers,8081884644680932068
557,Steelindustry,4200822821996594004
559,Utilitycompanies,3956169596559111944
559,Energy,-2490813042158503427
559,Electricity,3312256779847957138
560,Software,766138134349121984
560,Tech,2373442895034963753
561,Financialservices,996514602531674170
562,Software,766138134349121984
562,Tech,2373442895034963753
563,Buildingmaterials,7986863683299917669
565,Internet,9213653917245580410
565,Tech,2373442895034963753
565,REITs,-4500283884546034606
565,Realestate,199837547090313934
565,Investment,5327786409141802125
566,Construction,-1387856498777628021
567,Energy,-2490813042158503427
567,Electricity,3312256779847957138
567,Utilitycompanies,3956169596559111944
568,OilGas,-4192961412728851669
568,Energy,-2490813042158503427
571,Transportation,3140530495907979414
572,Tech,2373442895034963753
572,Software,766138134349121984
572,ITsecurity,-6218229013132378724
572,Networkinghardware,-3489790265185160176
573,Transportation,3140530495907979414
573,Courier,8102328225368103528
574,Telecommunication,-366396660629370360
578,Furniture,2832498173780617864
579,Utilitycompanies,3956169596559111944
579,OilGas,-4192961412728851669
579,Energy,-2490813042158503427
580,Entertainment,-5311217246468775200
580,Internet,9213653917245580410
580,Tech,2373442895034963753
581,Tobacco,8606360336396138978
582,Retail,8659073855545147165
583,Financialservices,996514602531674170
583,Software,766138134349121984
583,Tech,2373442895034963753
588,FlavorsFragrances,8734823338155558507
588,CosmeticsandBeauty,-1391700480064620338
588,Luxurygoods,1186266117930339670
588,Consumergoods,3574918603920959279
589,Entertainment,-5311217246468775200
589,MediaPress,7487475509848793516
593,Tech,2373442895034963753
593,SmartHome,-8849725073747955047
595,Conglomerate,5540569127684541958
597,Electronics,-2937793794179883072
597,Tech,2373442895034963753
597,Semiconductors,7893943476131326539
597,TechHardware,1748841266191066881
599,SupermarketChains,-5036390465895693944
599,Retail,8659073855545147165
600,Electronics,-2937793794179883072
600,Manufacturing,918788116521242338
601,Financialservices,996514602531674170
601,Investment,5327786409141802125
601,Insurance,7000230057071041224
602,Construction,-1387856498777628021
603,Multilevelmarketing,-8348490376836165508
603,Dietarysupplements,1656574524945154313
604,Transportation,3140530495907979414
605,Internet,9213653917245580410
605,ECommerce,-6817648621524646992
605,Tech,2373442895034963753
606,Professionalservices,2898755620386977973
607,Construction,-1387856498777628021
608,Food,-1791250089609384727
609,Biotech,-5477649158227911950
609,Pharmaceuticals,8926960006196816921
610,Networkinghardware,-3489790265185160176
610,Telecommunicationsequipment,-7218120107949221687
610,Tech,2373442895034963753
610,TechHardware,1748841266191066881
612,Steelproducers,8081884644680932068
612,Steelindustry,4200822821996594004
614,MediaPress,7487475509848793516
615,OilGas,-4192961412728851669
615,Transportation,3140530495907979414
615,Infrastructure,2757938290564691464
615,Energy,-2490813042158503427
616,Banks,5423772148476418639
616,Financialservices,996514602531674170
619,Financialservices,996514602531674170
620,Automakers,5994205300980869916
620,Manufacturing,918788116521242338
620,ElectricVehicles,-8747995993791387874
627,Energy,-2490813042158503427
627,Electricity,3312256779847957138
627,Utilitycompanies,3956169596559111944
629,Financialservices,996514602531674170
630,Entertainment,-5311217246468775200
631,Insurance,7000230057071041224
632,Pharmaceuticals,8926960006196816921
632,Packaging,1057308400848339902
633,Software,766138134349121984
633,Tech,2373442895034963753
634,Restaurantchains,8667423472038992413
634,Food,-1791250089609384727
635,MedicalCareFacilities,9105344788745331509
635,Healthcare,4999567491202240723
636,Entertainment,-5311217246468775200
636,Gambling,-3256085164464164845
642,Alcoholicbeverages,-3268482338190408610
642,Beverages,1448174480227667635
643,Buildingmaterials,7986863683299917669
649,Realestate,199837547090313934
649,REITs,-4500283884546034606
649,Investment,5327786409141802125
650,Airlines,-6774808088778716647
650,Travel,2883696693193604344
650,Transportation,3140530495907979414
652,Software,766138134349121984
652,Electronics,-2937793794179883072
652,Tech,2373442895034963753
652,TechHardware,1748841266191066881
653,Investment,5327786409141802125
654,Videogames,1877993705229312391
654,Esports,-5699021814185712751
654,Entertainment,-5311217246468775200
654,Tech,2373442895034963753
655,Energy,-2490813042158503427
655,OilGas,-4192961412728851669
656,Medicaldevices,-2739338454252634078
657,Financialservices,996514602531674170
658,Restaurantchains,8667423472038992413
658,Food,-1791250089609384727
659,Realestate,199837547090313934
660,Clothing,-4644728342255861508
660,Retail,8659073855545147165
661,Pharmaceuticals,8926960006196816921
661,Biotech,-5477649158227911950
663,Financialservices,996514602531674170
664,Education,-1919223710078369369
664,MediaPress,7487475509848793516
667,Internet,9213653917245580410
667,Usedcarretailer,478601098661270227
667,ECommerce,-6817648621524646992
667,Carretail,8678176018572341209
668,Chemicals,1532779266960090644
669,Electricity,3312256779847957138
669,Energy,-2490813042158503427
670,OilGas,-4192961412728851669
670,Energy,-2490813042158503427
672,Pharmaceuticals,8926960006196816921
672,Biotech,-5477649158227911950
673,Software,766138134349121984
673,Tech,2373442895034963753
673,Electronics,-2937793794179883072
673,TechHardware,1748841266191066881
675,Tech,2373442895034963753
675,Internet,9213653917245580410
675,Software,766138134349121984
675,ITsecurity,-6218229013132378724
677,Energy,-2490813042158503427
677,Utilitycompanies,3956169596559111944
677,Electricity,3312256779847957138
679,MediaPress,7487475509848793516
681,Retail,8659073855545147165
682,Electricity,3312256779847957138
682,Energy,-2490813042158503427
683,Advertising,7742423205113412157
684,Clothing,-4644728342255861508
685,Cannabis,-4653050213891354951
688,Pharmaceuticals,8926960006196816921
688,Biotech,-5477649158227911950
689,Telecommunication,-366396660629370360
691,Consumergoods,3574918603920959279
693,Stockexchanges,-8127769271973416397
693,Financialservices,996514602531674170
693,StockCryptoexchanges,2970330616952928068
694,Food,-1791250089609384727
696,Semiconductors,7893943476131326539
696,Tech,2373442895034963753
697,Retail,8659073855545147165
700,Semiconductors,7893943476131326539
700,Tech,2373442895034963753
703,Construction,-1387856498777628021
704,Transportation,3140530495907979414
706,MediaPress,7487475509848793516
707,FoodDelivery,9071939867803369345
707,Internet,9213653917245580410
707,Food,-1791250089609384727
707,Tech,2373442895034963753
708,Manufacturing,918788116521242338
710,Financialservices,996514602531674170
711,Financialservices,996514602531674170
711,Tech,2373442895034963753
711,Bitcoin,2642950483153609966
712,Software,766138134349121984
712,Tech,2373442895034963753
714,Electricity,3312256779847957138
714,Energy,-2490813042158503427
714,Utilitycompanies,3956169596559111944
716,Engineering,7526853480566394029
716,Professionalservices,2898755620386977973
717,Chemicals,1532779266960090644
718,Electricity,3312256779847957138
718,Energy,-2490813042158503427
721,Sportsgoods,6391679374394326830
721,Clothing,-4644728342255861508
722,MedicalCareFacilities,9105344788745331509
724,Tech,2373442895034963753
724,Internet,9213653917245580410
724,Travel,2883696693193604344
724,OnlineTravel,2474690842533498415
728,Tech,2373442895034963753
728,Internet,9213653917245580410
728,Software,766138134349121984
729,Telecommunication,-366396660629370360
729,Telecommunicationsequipment,-7218120107949221687
730,Transportation,3140530495907979414
731,Restaurantchains,8667423472038992413
731,Food,-1791250089609384727
733,Healthcare,4999567491202240723
733,ITservices,5294247540503510568
733,Professionalservices,2898755620386977973
733,Tech,2373442895034963753
734,Professionalservices,2898755620386977973
735,Hotels,-2209076433672162417
735,Travel,2883696693193604344
736,Food,-1791250089609384727
739,Clothing,-4644728342255861508
739,Tech,2373442895034963753
740,Healthcare,4999567491202240723
741,Furniture,2832498173780617864
742,Software,766138134349121984
742,Tech,2373442895034963753
743,AutomotiveSuppliers,-1093391624519020231
744,Construction,-1387856498777628021
747,Videogames,1877993705229312391
747,Esports,-5699021814185712751
747,Entertainment,-5311217246468775200
747,Tech,2373442895034963753
748,Investment,5327786409141802125
751,MediaPress,7487475509848793516
751,Entertainment,-5311217246468775200
754,Insurance,7000230057071041224
755,Engineering,7526853480566394029
755,Construction,-1387856498777628021
756,Software,766138134349121984
756,Tech,2373442895034963753
759,Pulpandpaper,-2756073516127434538
760,Retail,8659073855545147165
760,Clothing,-4644728342255861508
761,Education,-1919223710078369369
762,Tires,1872452259686374751
763,Entertainment,-5311217246468775200
764,Software,766138134349121984
764,Tech,2373442895034963753
765,Software,766138134349121984
765,Tech,2373442895034963753
768,Financialservices,996514602531674170
769,Pizza,4548181288897963740
769,Food,-1791250089609384727
769,Restaurantchains,8667423472038992413
770,Professionalservices,2898755620386977973
770,StaffingEmploymentServices,7588518777105528258
773,Realestate,199837547090313934
773,Professionalservices,2898755620386977973
776,Utilitycompanies,3956169596559111944
776,Electricity,3312256779847957138
776,Energy,-2490813042158503427
777,OilGas,-4192961412728851669
777,Energy,-2490813042158503427
777,OilGasEquipmentServices,6743880744569907002
778,Software,766138134349121984
778,Tech,2373442895034963753
780,Electronics,-2937793794179883072
780,Manufacturing,918788116521242338
781,Manufacturing,918788116521242338
783,Retail,8659073855545147165
784,Sportsgoods,6391679374394326830
784,Clothing,-4644728342255861508
784,Footwear,3919027092552316727
786,Software,766138134349121984
786,Tech,2373442895034963753
787,Financialservices,996514602531674170
788,Clothing,-4644728342255861508
788,Retail,8659073855545147165
789,Pharmaceuticals,8926960006196816921
789,Biotech,-5477649158227911950
791,Electronics,-2937793794179883072
791,Manufacturing,918788116521242338
792,Electronics,-2937793794179883072
795,Software,766138134349121984
795,Tech,2373442895034963753
799,Personalcare,6978475554129556686
800,Sportsgoods,6391679374394326830
801,Healthcare,4999567491202240723
801,DiagnosticsandTesting,8570699210883174081
801,Manufacturing,918788116521242338
803,Financialservices,996514602531674170
803,Tech,2373442895034963753
804,Tech,2373442895034963753
804,TechHardware,1748841266191066881
805,Software,766138134349121984
805,Tech,2373442895034963753
806,SpecialtyVehicles,8273981569943876362
806,Manufacturing,918788116521242338
809,MedicalCareFacilities,9105344788745331509
809,Healthcare,4999567491202240723
809,DiagnosticsandTesting,8570699210883174081
811,Medicaldevices,-2739338454252634078
812,Conglomerate,5540569127684541958
813,Restaurantchains,8667423472038992413
813,Food,-1791250089609384727
814,Food,-1791250089609384727
815,Tech,2373442895034963753
815,Semiconductors,7893943476131326539
815,TechHardware,1748841266191066881
815,Manufacturing,918788116521242338
816,Airlines,-6774808088778716647
816,Travel,2883696693193604344
816,Transportation,3140530495907979414
819,Banks,5423772148476418639
819,Financialservices,996514602531674170
820,Internet,9213653917245580410
820,Tech,2373442895034963753
821,Financialservices,996514602531674170
822,Tech,2373442895034963753
822,Software,766138134349121984
826,Construction,-1387856498777628021
826,Financialservices,996514602531674170
829,Software,766138134349121984
829,Tech,2373442895034963753
832,Chemicals,1532779266960090644
834,Electronics,-2937793794179883072
835,Realestate,199837547090313934
835,Internet,9213653917245580410
835,Tech,2373442895034963753
836,Software,766138134349121984
836,Professionalservices,2898755620386977973
836,Tech,2373442895034963753
837,Software,766138134349121984
837,Tech,2373442895034963753
839,Healthcare,4999567491202240723
839,MedicalCareFacilities,9105344788745331509
840,Biotech,-5477649158227911950
840,DiagnosticsandTesting,8570699210883174081
841,Financialservices,996514602531674170
842,Retail,8659073855545147165
843,StaffingEmploymentServices,7588518777105528258
843,Professionalservices,2898755620386977973
844,Chemicals,1532779266960090644
846,Chemicals,1532779266960090644
847,Utilitycompanies,3956169596559111944
848,Telecommunication,-366396660629370360
848,Realestate,199837547090313934
848,REITs,-4500283884546034606
848,Infrastructure,2757938290564691464
849,Restaurantchains,8667423472038992413
849,Food,-1791250089609384727
851,Electronics,-2937793794179883072
851,Manufacturing,918788116521242338
852,Entertainment,-5311217246468775200
852,Gambling,-3256085164464164845
854,Medicaldevices,-2739338454252634078
854,Biotech,-5477649158227911950
856,Financialservices,996514602531674170
857,Banks,5423772148476418639
857,Financialservices,996514602531674170
858,Tech,2373442895034963753
858,Software,766138134349121984
858,ITsecurity,-6218229013132378724
860,Buildingmaterials,7986863683299917669
861,Footwear,3919027092552316727
863,Manufacturing,918788116521242338
866,Financialservices,996514602531674170
867,Software,766138134349121984
867,Tech,2373442895034963753
868,Travel,2883696693193604344
868,Internet,9213653917245580410
868,OnlineTravel,2474690842533498415
868,Tech,2373442895034963753
869,Energy,-2490813042158503427
869,Electricity,3312256779847957138
869,Utilitycompanies,3956169596559111944
871,Packaging,1057308400848339902
873,Professionalservices,2898755620386977973
874,MediaPress,7487475509848793516
874,Sportsgoods,6391679374394326830
875,Financialservices,996514602531674170
876,Professionalservices,2898755620386977973
876,Software,766138134349121984
876,Tech,2373442895034963753
878,Financialservices,996514602531674170
878,Professionalservices,2898755620386977973
880,Financialservices,996514602531674170
882,Tobacco,8606360336396138978
883,Chemicals,1532779266960090644
884,OilGas,-4192961412728851669
884,Energy,-2490813042158503427
885,Financialservices,996514602531674170
886,Entertainment,-5311217246468775200
888,Semiconductors,7893943476131326539
888,Tech,2373442895034963753
888,TechHardware,1748841266191066881
890,Stockexchanges,-8127769271973416397
890,Financialservices,996514602531674170
890,StockCryptoexchanges,2970330616952928068
891,Insurance,7000230057071041224
892,autoparts,1086841473223344843
893,CosmeticsandBeauty,-1391700480064620338
894,Realestate,199837547090313934
894,Investment,5327786409141802125
894,REITs,-4500283884546034606
896,Realestate,199837547090313934
896,Internet,9213653917245580410
896,Tech,2373442895034963753
897,Software,766138134349121984
897,Internet,9213653917245580410
897,Tech,2373442895034963753
897,ITsecurity,-6218229013132378724
898,Footwear,3919027092552316727
898,Manufacturing,918788116521242338
900,Airlines,-6774808088778716647
900,Travel,2883696693193604344
900,Transportation,3140530495907979414
901,Manufacturing,918788116521242338
902,Retail,8659073855545147165
902,Furniture,2832498173780617864
903,Internet,9213653917245580410
903,Tech,2373442895034963753
906,Electricity,3312256779847957138
906,Energy,-2490813042158503427
907,Defensecontractors,474986800324994455
908,Gambling,-3256085164464164845
908,Entertainment,-5311217246468775200
910,Cannabis,-4653050213891354951
911,Financialservices,996514602531674170
911,Insurance,7000230057071041224
912,Electronics,-2937793794179883072
913,RentalLeasingServices,8509650716500142439
914,MediaPress,7487475509848793516
915,Financialservices,996514602531674170
917,Financialservices,996514602531674170
918,Telecommunication,-366396660629370360
919,Hotels,-2209076433672162417
919,Travel,2883696693193604344
920,Energy,-2490813042158503427
920,OilGas,-4192961412728851669
920,OilGasEquipmentServices,6743880744569907002
921,AssetManagement,5612573104162968342
921,Financialservices,996514602531674170
922,Professionalservices,2898755620386977973
923,Software,766138134349121984
923,Tech,2373442895034963753
927,Restaurantchains,8667423472038992413
927,Food,-1791250089609384727
928,Software,766138134349121984
928,Tech,2373442895034963753
929,Buildingmaterials,7986863683299917669
930,Insurance,7000230057071041224
933,Retail,8659073855545147165
934,Engineering,7526853480566394029
934,Professionalservices,2898755620386977973
936,Software,766138134349121984
936,Tech,2373442895034963753
937,Banks,5423772148476418639
937,Financialservices,996514602531674170
938,Aerospace,836579566703634303
940,Healthcare,4999567491202240723
941,Manufacturing,918788116521242338
943,Software,766138134349121984
943,Tech,2373442895034963753
944,Software,766138134349121984
944,Tech,2373442895034963753
945,Airlines,-6774808088778716647
945,Travel,2883696693193604344
945,Transportation,3140530495907979414
946,Furniture,2832498173780617864
946,Retail,8659073855545147165
948,Software,766138134349121984
948,Tech,2373442895034963753
948,Videogames,1877993705229312391
950,Healthcare,4999567491202240723
950,Telehealth,-5998664305153071000
950,Internet,9213653917245580410
950,Tech,2373442895034963753
951,Airlines,-6774808088778716647
951,Travel,2883696693193604344
951,Transportation,3140530495907979414
952,Alcoholicbeverages,-3268482338190408610
952,Beverages,1448174480227667635
953,Footwear,3919027092552316727
954,Engineering,7526853480566394029
954,Professionalservices,2898755620386977973
955,MedicalCareFacilities,9105344788745331509
957,Aerospace,836579566703634303
958,Insurance,7000230057071041224
959,Education,-1919223710078369369
959,MediaPress,7487475509848793516
960,Transportation,3140530495907979414
960,Maritimetransportation,4698276268624436889
961,Pulpandpaper,-2756073516127434538
961,Packaging,1057308400848339902
962,Aerospace,836579566703634303
962,Manufacturing,918788116521242338
964,Consumergoods,3574918603920959279
966,Semiconductors,7893943476131326539
966,Tech,2373442895034963753
966,TechHardware,1748841266191066881
967,Retail,8659073855545147165
968,Energy,-2490813042158503427
968,Electricity,3312256779847957138
969,Aerospace,836579566703634303
969,Manufacturing,918788116521242338
971,AutomotiveSuppliers,-1093391624519020231
972,Software,766138134349121984
972,Tech,2373442895034963753
973,AutomotiveSuppliers,-1093391624519020231
973,Manufacturing,918788116521242338
974,MediaPress,7487475509848793516
975,Ridesharing,-781225771775977297
975,Internet,9213653917245580410
975,Tech,2373442895034963753
977,Realestate,199837547090313934
977,Professionalservices,2898755620386977973
979,Realestate,199837547090313934
979,Investment,5327786409141802125
979,REITs,-4500283884546034606
979,Telecommunication,-366396660629370360
979,Infrastructure,2757938290564691464
981,Tech,2373442895034963753
981,Software,766138134349121984
982,Software,766138134349121984
982,Tech,2373442895034963753
982,ITsecurity,-6218229013132378724
983,Realestate,199837547090313934
983,Investment,5327786409141802125
983,REITs,-4500283884546034606
984,Utilitycompanies,3956169596559111944
984,Electricity,3312256779847957138
984,Energy,-2490813042158503427
986,Advertising,7742423205113412157
986,MediaPress,7487475509848793516
987,Healthcare,4999567491202240723
988,Mining,5530308889125531621
988,CoalMining,-5138999783022987589
988,Energy,-2490813042158503427
992,Food,-1791250089609384727
992,Restaurantchains,8667423472038992413
993,Software,766138134349121984
993,Tech,2373442895034963753
997,OilGas,-4192961412728851669
997,Energy,-2490813042158503427
998,Realestate,199837547090313934
998,Software,766138134349121984
998,Tech,2373442895034963753
1000,Tech,2373442895034963753
1000,Realestate,199837547090313934
1001,Banks,5423772148476418639
1001,Financialservices,996514602531674170
1002,Clothing,-4644728342255861508
1003,Chemicals,1532779266960090644
1009,Utilitycompanies,3956169596559111944
1010,Education,-1919223710078369369
1011,Restaurantchains,8667423472038992413
1011,Food,-1791250089609384727
1012,Tech,2373442895034963753
1012,Electronics,-2937793794179883072
1012,Networkinghardware,-3489790265185160176
1012,TechHardware,1748841266191066881
1013,Software,766138134349121984
1013,Tech,2373442895034963753
1014,Advertising,7742423205113412157
1016,Tech,2373442895034963753
1017,Manufacturing,918788116521242338
1019,Banks,5423772148476418639
1020,Medicaldevices,-2739338454252634078
1022,Restaurantchains,8667423472038992413
1022,Food,-1791250089609384727
1023,Financialservices,996514602531674170
1024,Software,766138134349121984
1024,Tech,2373442895034963753
1025,Carretail,8678176018572341209
1025,Usedcarretailer,478601098661270227
1025,Internet,9213653917245580410
1025,ECommerce,-6817648621524646992
1026,Steelindustry,4200822821996594004
1027,Chemicals,1532779266960090644
1028,Software,766138134349121984
1028,Tech,2373442895034963753
1030,Food,-1791250089609384727
1030,Restaurantchains,8667423472038992413
1032,Realestate,199837547090313934
1033,Manufacturing,918788116521242338
1038,Footwear,3919027092552316727
1038,Manufacturing,918788116521242338
1042,Financialservices,996514602531674170
1044,Healthcare,4999567491202240723
1044,Tech,2373442895034963753
1044,Telehealth,-5998664305153071000
1044,Internet,9213653917245580410
1046,Realestate,199837547090313934
1047,Financialservices,996514602531674170
1048,Software,766138134349121984
1048,Tech,2373442895034963753
1050,Food,-1791250089609384727
1051,Agriculture,5069297574132306034
1051,Machinerymanufacturing,-3103102678660859997
1051,Manufacturing,918788116521242338
1054,Professionalservices,2898755620386977973
1055,Software,766138134349121984
1055,Tech,2373442895034963753
1056,Furniture,2832498173780617864
1057,Healthcare,4999567491202240723
1058,MediaPress,7487475509848793516
1060,OilGas,-4192961412728851669
1060,Energy,-2490813042158503427
1067,Steelindustry,4200822821996594004
1068,Infrastructure,2757938290564691464
1068,OilGas,-4192961412728851669
1068,Transportation,3140530495907979414
1068,Energy,-2490813042158503427
1070,Airlines,-6774808088778716647
1070,Travel,2883696693193604344
1070,Transportation,3140530495907979414
1071,Investment,5327786409141802125
1073,Semiconductors,7893943476131326539
1073,Tech,2373442895034963753
1073,TechHardware,1748841266191066881
1075,Semiconductors,7893943476131326539
1075,Tech,2373442895034963753
1075,TechHardware,1748841266191066881
1075,Electronics,-2937793794179883072
1076,Software,766138134349121984
1076,Tech,2373442895034963753
1078,Transportation,3140530495907979414
1079,Transportation,3140530495907979414
1080,Cannabis,-4653050213891354951
1084,Footwear,3919027092552316727
1084,Retail,8659073855545147165
1085,Aluminum,-7547891053699719918
1086,Software,766138134349121984
1086,Tech,2373442895034963753
1086,Healthcare,4999567491202240723
1088,Education,-1919223710078369369
1088,Tech,2373442895034963753
1092,Financialservices,996514602531674170
1093,Tech,2373442895034963753
1093,Internet,9213653917245580410
1094,Financialservices,996514602531674170
1095,Automakers,5994205300980869916
1095,ElectricVehicles,-8747995993791387874
1098,Pharmaceuticals,8926960006196816921
1098,Biotech,-5477649158227911950
1099,Cannabis,-4653050213891354951
1104,Electronics,-2937793794179883072
1104,Manufacturing,918788116521242338
1106,Medicaldevices,-2739338454252634078
1110,Healthcare,4999567491202240723
1110,StaffingEmploymentServices,7588518777105528258
1110,Professionalservices,2898755620386977973
1112,Construction,-1387856498777628021
1112,Infrastructure,2757938290564691464
1113,Manufacturing,918788116521242338
1113,Conglomerate,5540569127684541958
1114,Medicaldevices,-2739338454252634078
1116,Investment,5327786409141802125
1117,Tech,2373442895034963753
1117,ITservices,5294247540503510568
1117,Professionalservices,2898755620386977973
1118,Education,-1919223710078369369
1119,StockCryptoexchanges,2970330616952928068
1119,Tech,2373442895034963753
1119,Internet,9213653917245580410
1119,Financialservices,996514602531674170
1119,Bitcoin,2642950483153609966
1120,Internet,9213653917245580410
1123,Pharmaceuticals,8926960006196816921
1123,mRNAtherapeutics,-2106241231672090575
1123,Biotech,-5477649158227911950
1124,Software,766138134349121984
1124,Tech,2373442895034963753
1125,Financialservices,996514602531674170
1127,Telecommunication,-366396660629370360
1128,Software,766138134349121984
1128,Tech,2373442895034963753
1130,Food,-1791250089609384727
1131,Electronics,-2937793794179883072
1132,Internet,9213653917245580410
1132,ECommerce,-6817648621524646992
1132,Tech,2373442895034963753
1135,Telecommunication,-366396660629370360
1138,OilGas,-4192961412728851669
1138,OilGasEquipmentServices,6743880744569907002
1138,Energy,-2490813042158503427
1140,Engineering,7526853480566394029
1140,Professionalservices,2898755620386977973
1142,Footwear,3919027092552316727
1143,Software,766138134349121984
1143,Tech,2373442895034963753
1144,Semiconductors,7893943476131326539
1144,Tech,2373442895034963753
1144,TechHardware,1748841266191066881
1146,Software,766138134349121984
1146,Tech,2373442895034963753
1150,MediaPress,7487475509848793516
1151,CoalMining,-5138999783022987589
1151,Mining,5530308889125531621
1151,Energy,-2490813042158503427
1153,Financialservices,996514602531674170
1153,Internet,9213653917245580410
1153,Tech,2373442895034963753
1154,Clothing,-4644728342255861508
1155,Healthcare,4999567491202240723
1156,Insurance,7000230057071041224
1157,Furniture,2832498173780617864
1157,Retail,8659073855545147165
1158,Consumergoods,3574918603920959279
1158,Manufacturing,918788116521242338
1160,Cannabis,-4653050213891354951
1161,Financialservices,996514602531674170
1162,Stockexchanges,-8127769271973416397
1162,Financialservices,996514602531674170
1162,StockCryptoexchanges,2970330616952928068
1163,Steelproducers,8081884644680932068
1163,Steelindustry,4200822821996594004
1163,WasteRecycling,4111722913158069628
1164,Food,-1791250089609384727
1165,Beverages,1448174480227667635
1167,OilGas,-4192961412728851669
1167,Energy,-2490813042158503427
1169,Gambling,-3256085164464164845
1169,Entertainment,-5311217246468775200
1169,Internet,9213653917245580410
1170,Healthcare,4999567491202240723
1170,MedicalCareFacilities,9105344788745331509
1171,Financialservices,996514602531674170
1171,Internet,9213653917245580410
1171,Tech,2373442895034963753
1176,Insurance,7000230057071041224
1177,Banks,5423772148476418639
1177,Financialservices,996514602531674170
1182,Software,766138134349121984
1182,Tech,2373442895034963753
1183,Restaurantchains,8667423472038992413
1183,Food,-1791250089609384727
1184,Financialservices,996514602531674170
1185,AutomotiveSuppliers,-1093391624519020231
1186,ECommerce,-6817648621524646992
1186,Internet,9213653917245580410
1186,Recommerce,-8984601516266035538
1186,Tech,2373442895034963753
1187,Advertising,7742423205113412157
1188,OilGasEquipmentServices,6743880744569907002
1188,OilGas,-4192961412728851669
1188,Energy,-2490813042158503427
1189,Utilitycompanies,3956169596559111944
1189,Electricity,3312256779847957138
1189,Energy,-2490813042158503427
1190,OilGas,-4192961412728851669
1190,Energy,-2490813042158503427
1191,SpecialtyVehicles,8273981569943876362
1191,Manufacturing,918788116521242338
1192,Mining,5530308889125531621
1192,CoalMining,-5138999783022987589
1193,Restaurantchains,8667423472038992413
1193,Food,-1791250089609384727
1194,Retail,8659073855545147165
1194,Sportsgoods,6391679374394326830
1195,Defensecontractors,474986800324994455
1196,Software,766138134349121984
1196,Tech,2373442895034963753
1197,Healthcare,4999567491202240723
1198,Software,766138134349121984
1198,Tech,2373442895034963753
1199,Pulpandpaper,-2756073516127434538
1200,Software,766138134349121984
1200,Tech,2373442895034963753
1201,Investment,5327786409141802125
1202,Telecommunicationsequipment,-7218120107949221687
1205,Insurance,7000230057071041224
1206,Utilitycompanies,3956169596559111944
1208,Healthcare,4999567491202240723
1208,Insurance,7000230057071041224
1209,Software,766138134349121984
1209,Internet,9213653917245580410
1209,Tech,2373442895034963753
1211,Financialservices,996514602531674170
1212,Telecommunication,-366396660629370360
1214,Food,-1791250089609384727
1218,Software,766138134349121984
1218,Tech,2373442895034963753
1219,MedicalCareFacilities,9105344788745331509
1219,Healthcare,4999567491202240723
1220,Engineering,7526853480566394029
1220,Professionalservices,2898755620386977973
1221,OilGas,-4192961412728851669
1221,Energy,-2490813042158503427
1222,Financialservices,996514602531674170
1223,Manufacturing,918788116521242338
1226,Electronics,-2937793794179883072
1226,Manufacturing,918788116521242338
1227,Banks,5423772148476418639
1227,Financialservices,996514602531674170
1228,Software,766138134349121984
1228,Tech,2373442895034963753
1228,Education,-1919223710078369369
1229,Food,-1791250089609384727
1231,Food,-1791250089609384727
1232,Tech,2373442895034963753
1232,Software,766138134349121984
1233,Semiconductors,7893943476131326539
1233,Tech,2373442895034963753
1234,Financialservices,996514602531674170
1235,Internet,9213653917245580410
1235,Tech,2373442895034963753
1235,ITsecurity,-6218229013132378724
1235,Software,766138134349121984
1236,Software,766138134349121984
1236,Tech,2373442895034963753
1238,Entertainment,-5311217246468775200
1240,Realestate,199837547090313934
1240,Investment,5327786409141802125
1240,REITs,-4500283884546034606
1242,Electronics,-2937793794179883072
1242,Tech,2373442895034963753
1242,TechHardware,1748841266191066881
1244,Pulpandpaper,-2756073516127434538
1246,Clothing,-4644728342255861508
1247,Clothing,-4644728342255861508
1247,Retail,8659073855545147165
1248,Pharmaceuticals,8926960006196816921
1250,DiagnosticsandTesting,8570699210883174081
1250,Healthcare,4999567491202240723
1251,DiagnosticsandTesting,8570699210883174081
1251,Genomics,7669643140906320693
1251,Biotech,-5477649158227911950
1252,Education,-1919223710078369369
1252,Retail,8659073855545147165
1254,Transportation,3140530495907979414
1255,Tech,2373442895034963753
1255,Electronics,-2937793794179883072
1255,Networkinghardware,-3489790265185160176
1255,TechHardware,1748841266191066881
1257,Fertilizercompanies,-1572321612940954668
1258,Entertainment,-5311217246468775200
1260,Education,-1919223710078369369
1260,Internet,9213653917245580410
1260,Tech,2373442895034963753
1262,Hotels,-2209076433672162417
1262,Entertainment,-5311217246468775200
1262,Travel,2883696693193604344
1263,Aerospace,836579566703634303
1264,Biotech,-5477649158227911950
1264,Medicaldevices,-2739338454252634078
1265,Clothing,-4644728342255861508
1265,Retail,8659073855545147165
1266,Construction,-1387856498777628021
1269,Food,-1791250089609384727
1270,Clothing,-4644728342255861508
1270,Retail,8659073855545147165
1270,Internet,9213653917245580410
1270,ECommerce,-6817648621524646992
1270,Tech,2373442895034963753
1273,Tech,2373442895034963753
1273,Software,766138134349121984
1273,Construction,-1387856498777628021
1276,Banks,5423772148476418639
1276,Financialservices,996514602531674170
1276,Investment,5327786409141802125
1278,OnlineTravel,2474690842533498415
1278,Internet,9213653917245580410
1280,OilGas,-4192961412728851669
1280,Energy,-2490813042158503427
1281,Aerospace,836579566703634303
1282,Food,-1791250089609384727
1282,Agriculture,5069297574132306034
1283,Furniture,2832498173780617864
1283,Retail,8659073855545147165
1284,Realestate,199837547090313934
1284,Investment,5327786409141802125
1285,Banks,5423772148476418639
1285,Financialservices,996514602531674170
1288,Realestate,199837547090313934
1288,Internet,9213653917245580410
1290,Engineering,7526853480566394029
1290,Professionalservices,2898755620386977973
1291,Entertainment,-5311217246468775200
1293,Energy,-2490813042158503427
1293,OilGas,-4192961412728851669
1294,Food,-1791250089609384727
1295,Retail,8659073855545147165
1295,Clothing,-4644728342255861508
1296,Financialservices,996514602531674170
1296,AssetManagement,5612573104162968342
1296,Insurance,7000230057071041224
1298,Electronics,-2937793794179883072
1298,Tech,2373442895034963753
1298,TechHardware,1748841266191066881
1298,Semiconductors,7893943476131326539
1299,Professionalservices,2898755620386977973
1299,StaffingEmploymentServices,7588518777105528258
1300,Software,766138134349121984
1300,Tech,2373442895034963753
1303,ECommerce,-6817648621524646992
1303,Internet,9213653917245580410
1303,Tech,2373442895034963753
1304,Banks,5423772148476418639
1304,Financialservices,996514602531674170
1305,Food,-1791250089609384727
1306,Medicaldevices,-2739338454252634078
1312,Pharmaceuticals,8926960006196816921
1312,Biotech,-5477649158227911950
1313,DiagnosticsandTesting,8570699210883174081
1313,Genomics,7669643140906320693
1314,Tech,2373442895034963753
1314,Software,766138134349121984
1316,3DPrinting,1978525507177956372
1316,Tech,2373442895034963753
1317,Healthcare,4999567491202240723
1318,Gambling,-3256085164464164845
1318,Entertainment,-5311217246468775200
1319,Telecommunicationsequipment,-7218120107949221687
1320,Restaurantchains,8667423472038992413
1320,Food,-1791250089609384727
1321,Healthcare,4999567491202240723
1321,Insurance,7000230057071041224
1322,Software,766138134349121984
1322,Tech,2373442895034963753
1322,ITservices,5294247540503510568
1322,Professionalservices,2898755620386977973
1323,Food,-1791250089609384727
1323,Restaurantchains,8667423472038992413
1324,Software,766138134349121984
1324,Tech,2373442895034963753
1325,Food,-1791250089609384727
1326,Industrialsupplies,8298538759836893436
1329,Footwear,3919027092552316727
1329,Retail,8659073855545147165
1330,Airlines,-6774808088778716647
1330,Travel,2883696693193604344
1330,Transportation,3140530495907979414
1331,ScientificTechnicalInstruments,2033596973466528053
1332,Software,766138134349121984
1332,Tech,2373442895034963753
1333,Education,-1919223710078369369
1334,Cannabis,-4653050213891354951
1335,Professionalservices,2898755620386977973
1335,Construction,-1387856498777628021
1336,Financialservices,996514602531674170
1336,Internet,9213653917245580410
1338,Financialservices,996514602531674170
1339,Beverages,1448174480227667635
1339,Alcoholicbeverages,-3268482338190408610
1344,Aluminum,-7547891053699719918
1345,Financialservices,996514602531674170
1345,Tech,2373442895034963753
1345,Internet,9213653917245580410
1346,Insurance,7000230057071041224
1349,Internet,9213653917245580410
1349,OnlineDating,1105116932757588041
1349,Tech,2373442895034963753
1350,Retail,8659073855545147165
1350,Clothing,-4644728342255861508
1352,Advertising,7742423205113412157
1352,Professionalservices,2898755620386977973
1353,Healthcare,4999567491202240723
1354,Defensecontractors,474986800324994455
1356,Videogames,1877993705229312391
1356,Tech,2373442895034963753
1356,TechHardware,1748841266191066881
1358,Utilitycompanies,3956169596559111944
1358,Electricity,3312256779847957138
1358,Energy,-2490813042158503427
1359,Aerospace,836579566703634303
1359,Electronics,-2937793794179883072
1360,Banks,5423772148476418639
1360,Financialservices,996514602531674170
1361,Education,-1919223710078369369
1361,Internet,9213653917245580410
1361,Tech,2373442895034963753
1362,Semiconductors,7893943476131326539
1362,Tech,2373442895034963753
1363,Construction,-1387856498777628021
1366,OilGas,-4192961412728851669
1366,Energy,-2490813042158503427
1367,OilGas,-4192961412728851669
1367,Energy,-2490813042158503427
1368,Realestate,199837547090313934
1368,REITs,-4500283884546034606
1368,Investment,5327786409141802125
1370,Pharmaceuticals,8926960006196816921
1370,Biotech,-5477649158227911950
1371,Furniture,2832498173780617864
1372,Banks,5423772148476418639
1372,Financialservices,996514602531674170
1374,Realestate,199837547090313934
1374,Investment,5327786409141802125
1374,REITs,-4500283884546034606
1378,Software,766138134349121984
1378,Tech,2373442895034963753
1379,Sportsgoods,6391679374394326830
1380,Retail,8659073855545147165
1382,Realestate,199837547090313934
1384,Biotech,-5477649158227911950
1384,Genomics,7669643140906320693
1384,DiagnosticsandTesting,8570699210883174081
1387,Cannabis,-4653050213891354951
1389,OilGas,-4192961412728851669
1389,Energy,-2490813042158503427
1390,Agriculture,5069297574132306034
1392,Banks,5423772148476418639
1392,Financialservices,996514602531674170
1393,Software,766138134349121984
1393,ITsecurity,-6218229013132378724
1393,Tech,2373442895034963753
1394,ITsecurity,-6218229013132378724
1394,Tech,2373442895034963753
1394,Software,766138134349121984
1396,Healthcare,4999567491202240723
1397,MediaPress,7487475509848793516
1399,OilGas,-4192961412728851669
1399,OilGasEquipmentServices,6743880744569907002
1399,Energy,-2490813042158503427
1400,Telecommunication,-366396660629370360
