Company ID,Category,Hash
1,Retail,2932210656109287952
1,Dowjones,-3512652547975320346
1,SupermarketChains,-4069439822336842578
2,ECommerce,5458971525214020641
2,Internet,-848597773130649638
2,Tech,5392941245537608590
2,Retail,2932210656109287952
3,Courier,3896409760083245788
3,Transportation,-2725400413481745490
4,Retail,2932210656109287952
4,SupermarketChains,-4069439822336842578
5,Retail,2932210656109287952
5,Dowjones,-3512652547975320346
6,Retail,2932210656109287952
6,SupermarketChains,-4069439822336842578
7,Beverages,-5284870312286199973
8,Investment,-3683647381629899485
9,Healthcare,1473658128705581606
9,Insurance,-2611088800210967206
9,Dowjones,-3512652547975320346
10,Courier,3896409760083245788
10,Transportation,-2725400413481745490
11,ITservices,6845817224175256592
11,Professionalservices,8712968451453521438
12,Retail,2932210656109287952
12,Clothing,-4012403625881737752
13,Beverages,-5284870312286199973
14,Retail,2932210656109287952
14,SupermarketChains,-4069439822336842578
15,Retail,2932210656109287952
16,ITservices,6845817224175256592
16,Professionalservices,8712968451453521438
17,Banks,-3731527361154377479
17,Financialservices,3247786743286756867
17,Dowjones,-3512652547975320346
18,Tech,5392941245537608590
18,Software,6273975210915946900
18,Dowjones,-3512652547975320346
19,Manufacturing,2771886960464485094
19,Electronics,-4280093456798597290
20,Food,4721068128442604370
21,Banks,-3731527361154377479
21,Financialservices,3247786743286756867
22,Banks,-3731527361154377479
22,Financialservices,3247786743286756867
23,Software,6273975210915946900
23,Tech,5392941245537608590
23,Dowjones,-3512652547975320346
23,Videogames,7351854534314693888
24,Healthcare,1473658128705581606
24,Pharmaceuticals,5380718181721596073
24,Drugstore,-6974841525812081849
24,Retail,2932210656109287952
25,Banks,-3731527361154377479
25,Financialservices,3247786743286756867
26,Healthcare,1473658128705581606
27,Telecommunication,-3862064693147789081
28,Dowjones,-3512652547975320346
28,Retail,2932210656109287952
28,Drugstore,-6974841525812081849
28,Pharmaceuticals,5380718181721596073
29,Telecommunication,-3862064693147789081
29,MediaPress,-6159643471181631199
29,Entertainment,6852268802481802111
30,Internet,-848597773130649638
30,Tech,5392941245537608590
30,Software,6273975210915946900
30,Autonomousdriving,-7674529030655768042
31,Automakers,-2133819116979903276
31,Manufacturing,2771886960464485094
32,Restaurantchains,-8690128616648987675
32,Food,4721068128442604370
33,Aerospace,-4642465698626703435
33,Defensecontractors,6178421995435006470
34,Conglomerate,7862095367587665244
35,Tech,5392941245537608590
35,Software,6273975210915946900
35,Dowjones,-3512652547975320346
35,TechHardware,-5791872359498690370
35,Electronics,-4280093456798597290
36,Retail,2932210656109287952
38,Automakers,-2133819116979903276
38,Manufacturing,2771886960464485094
39,Entertainment,6852268802481802111
39,Dowjones,-3512652547975320346
40,Tech,5392941245537608590
40,Software,6273975210915946900
41,Hotels,-4147010109171616253
41,Travel,458727220244788973
42,Aircraftmanufacturers,6860744364479558239
42,Aerospace,-4642465698626703435
42,Dowjones,-3512652547975320346
42,Manufacturing,2771886960464485094
43,Pharmaceuticals,5380718181721596073
43,Dowjones,-3512652547975320346
43,Biotech,-6437318974046106094
44,Food,4721068128442604370
45,Tech,5392941245537608590
45,TechHardware,-5791872359498690370
45,Electronics,-4280093456798597290
46,ITservices,6845817224175256592
46,Professionalservices,8712968451453521438
47,ScientificTechnicalInstruments,-2149647711263352644
47,DiagnosticsandTesting,8004627630865990902
47,Biotech,-6437318974046106094
48,Airlines,-6287371891685245861
48,Travel,458727220244788973
48,Transportation,-2725400413481745490
50,Professionalservices,8712968451453521438
51,Semiconductors,590283686970277566
51,Tech,5392941245537608590
51,Dowjones,-3512652547975320346
51,TechHardware,-5791872359498690370
51,Manufacturing,2771886960464485094
53,Hotels,-4147010109171616253
53,Travel,458727220244788973
54,Telecommunication,-3862064693147789081
54,Dowjones,-3512652547975320346
55,Aerospace,-4642465698626703435
55,Defensecontractors,6178421995435006470
55,Aircraftmanufacturers,6860744364479558239
55,Manufacturing,2771886960464485094
56,Medicaldevices,-2500090628927350323
57,Dowjones,-3512652547975320346
57,Machinerymanufacturing,3479839022665256278
57,Manufacturing,2771886960464485094
58,Dowjones,-3512652547975320346
58,Consumergoods,-4654293209815127527
59,Realestate,5170806780538916196
59,Investment,-3683647381629899485
60,Defensecontractors,6178421995435006470
61,Retail,2932210656109287952
62,Retail,2932210656109287952
62,Clothing,-4012403625881737752
63,Restaurantchains,-8690128616648987675
63,Food,4721068128442604370
64,Restaurantchains,-8690128616648987675
64,Dowjones,-3512652547975320346
64,Food,4721068128442604370
65,Automakers,-2133819116979903276
65,Tech,5392941245537608590
65,ElectricVehicles,7306870937902693610
65,Bitcoin,1757249085431543515
65,Manufacturing,2771886960464485094
65,EVcharging,-3989604651201971859
65,Autonomousdriving,-7674529030655768042
66,Dowjones,-3512652547975320346
66,Aerospace,-4642465698626703435
66,Defensecontractors,6178421995435006470
67,Retail,2932210656109287952
68,Healthcare,1473658128705581606
68,Insurance,-2611088800210967206
70,Clothing,-4012403625881737752
70,Retail,2932210656109287952
71,Insurance,-2611088800210967206
72,Dowjones,-3512652547975320346
72,GlovesPPE,-4733377729652799266
73,Telecommunication,-3862064693147789081
74,OilGas,7683904390150838630
74,Energy,-2882595272621617431
75,Airlines,-6287371891685245861
75,Travel,458727220244788973
75,Transportation,-2725400413481745490
76,ITservices,6845817224175256592
78,Healthcare,1473658128705581606
79,Retail,2932210656109287952
80,Aerospace,-4642465698626703435
80,Defensecontractors,6178421995435006470
81,Tech,5392941245537608590
81,Internet,-848597773130649638
82,Insurance,-2611088800210967206
82,Professionalservices,8712968451453521438
83,Manufacturing,2771886960464485094
83,Engineering,-4107645347768548595
84,Travel,458727220244788973
84,CruiseLines,4428830636166521774
85,Tech,5392941245537608590
85,Electronics,-4280093456798597290
85,Networkinghardware,-4800082983762754847
85,Dowjones,-3512652547975320346
85,Telecommunicationsequipment,-8592063776107010306
85,TechHardware,-5791872359498690370
86,Airlines,-6287371891685245861
86,Travel,458727220244788973
86,Transportation,-2725400413481745490
88,Restaurantchains,-8690128616648987675
88,Food,4721068128442604370
89,Banks,-3731527361154377479
89,Financialservices,3247786743286756867
89,Investment,-3683647381629899485
90,Sportsgoods,-818079648815732376
90,Footwear,-6317385944413730398
90,Dowjones,-3512652547975320346
90,Clothing,-4012403625881737752
91,Food,4721068128442604370
92,Professionalservices,8712968451453521438
92,ITservices,6845817224175256592
92,Tech,5392941245537608590
93,Pharmaceuticals,5380718181721596073
93,Biotech,-6437318974046106094
94,Beverages,-5284870312286199973
94,Dowjones,-3512652547975320346
95,Software,6273975210915946900
95,Dowjones,-3512652547975320346
95,Tech,5392941245537608590
96,Conglomerate,7862095367587665244
97,Medicaldevices,-2500090628927350323
99,Machinerymanufacturing,3479839022665256278
99,Manufacturing,2771886960464485094
100,Pharmaceuticals,5380718181721596073
100,Biotech,-6437318974046106094
101,Telecommunication,-3862064693147789081
102,Restaurantchains,-8690128616648987675
102,Food,4721068128442604370
104,Healthcare,1473658128705581606
104,Insurance,-2611088800210967206
105,Insurance,-2611088800210967206
107,Tires,-8622739485747277500
108,Luxurygoods,232470970942915911
108,Retail,2932210656109287952
109,Professionalservices,8712968451453521438
109,Advertising,-8917243490172367829
110,Toolmanufacturers,879559295262596115
110,Manufacturing,2771886960464485094
111,AutomotiveSuppliers,-5087768184139776565
114,Banks,-3731527361154377479
114,Financialservices,3247786743286756867
115,Tobacco,-2610445584270321844
116,Retail,2932210656109287952
117,HomeKitchenAppliances,-5591954248944563604
117,Manufacturing,2771886960464485094
118,Healthcare,1473658128705581606
119,Genomics,3498623662508482428
119,Biotech,-6437318974046106094
119,Manufacturing,2771886960464485094
120,Pharmaceuticals,5380718181721596073
120,Dowjones,-3512652547975320346
120,Biotech,-6437318974046106094
121,Electronics,-4280093456798597290
122,Financialservices,3247786743286756867
122,Tech,5392941245537608590
123,Dowjones,-3512652547975320346
123,Financialservices,3247786743286756867
124,OilGas,7683904390150838630
124,Energy,-2882595272621617431
125,Airlines,-6287371891685245861
125,Travel,458727220244788973
125,Transportation,-2725400413481745490
127,Retail,2932210656109287952
129,Professionalservices,8712968451453521438
129,ITservices,6845817224175256592
129,Software,6273975210915946900
129,Tech,5392941245537608590
131,PaintCoating,-4532348074205842255
132,Tech,5392941245537608590
132,Networkinghardware,-4800082983762754847
133,Pharmaceuticals,5380718181721596073
133,Biotech,-6437318974046106094
133,Healthcare,1473658128705581606
134,Software,6273975210915946900
134,ITservices,6845817224175256592
134,Professionalservices,8712968451453521438
134,Tech,5392941245537608590
135,Machinerymanufacturing,3479839022665256278
135,Manufacturing,2771886960464485094
136,Banks,-3731527361154377479
136,Financialservices,3247786743286756867
140,Tech,5392941245537608590
140,ITservices,6845817224175256592
140,Professionalservices,8712968451453521438
141,Healthcare,1473658128705581606
142,Retail,2932210656109287952
142,Electronics,-4280093456798597290
143,Advertising,-8917243490172367829
146,OilGas,7683904390150838630
146,Energy,-2882595272621617431
148,Retail,2932210656109287952
148,Drugstore,-6974841525812081849
148,Pharmaceuticals,5380718181721596073
149,Banks,-3731527361154377479
149,Financialservices,3247786743286756867
150,Gambling,-2553870588303058339
150,Hotels,-4147010109171616253
150,Entertainment,6852268802481802111
150,Travel,458727220244788973
152,Banks,-3731527361154377479
152,Financialservices,3247786743286756867
154,Healthcare,1473658128705581606
154,MedicalCareFacilities,-1383796583637029543
155,Tech,5392941245537608590
155,TechHardware,-5791872359498690370
155,Electronics,-4280093456798597290
156,Banks,-3731527361154377479
156,Financialservices,3247786743286756867
158,Retail,2932210656109287952
159,DiagnosticsandTesting,8004627630865990902
160,Biotech,-6437318974046106094
160,Pharmaceuticals,5380718181721596073
161,Packaging,1415757590594131741
162,Chemicals,-818748575553705624
162,PaintCoating,-4532348074205842255
163,AutomotiveSuppliers,-5087768184139776565
164,Banks,-3731527361154377479
164,Dowjones,-3512652547975320346
164,Financialservices,3247786743286756867
165,Insurance,-2611088800210967206
166,Gambling,-2553870588303058339
166,Entertainment,6852268802481802111
167,WasteRecycling,-8067709401467209413
168,Tech,5392941245537608590
168,TechHardware,-5791872359498690370
168,Semiconductors,590283686970277566
172,Medicaldevices,-2500090628927350323
173,autoparts,457000037362712057
174,Food,4721068128442604370
174,Restaurantchains,-8690128616648987675
175,Healthcare,1473658128705581606
176,Tech,5392941245537608590
176,Semiconductors,590283686970277566
176,TechHardware,-5791872359498690370
177,Manufacturing,2771886960464485094
178,Toolmanufacturers,879559295262596115
178,Manufacturing,2771886960464485094
179,CosmeticsandBeauty,-7662671245642841754
179,Consumergoods,-4654293209815127527
180,Hotels,-4147010109171616253
180,Gambling,-2553870588303058339
180,Entertainment,6852268802481802111
180,Travel,458727220244788973
181,Hotels,-4147010109171616253
181,Travel,458727220244788973
182,Software,6273975210915946900
182,ITsecurity,2028367090288460929
182,Tech,5392941245537608590
183,Defensecontractors,6178421995435006470
184,Financialservices,3247786743286756867
184,Tech,5392941245537608590
186,Transportation,-2725400413481745490
189,Transportation,-2725400413481745490
189,RentalLeasingServices,985844065485390940
190,OilGas,7683904390150838630
190,Dowjones,-3512652547975320346
190,Energy,-2882595272621617431
191,Healthcare,1473658128705581606
193,Financialservices,3247786743286756867
193,Banks,-3731527361154377479
194,Medicaldevices,-2500090628927350323
196,Insurance,-2611088800210967206
197,Professionalservices,8712968451453521438
199,Professionalservices,8712968451453521438
200,Travel,458727220244788973
200,CruiseLines,4428830636166521774
202,Food,4721068128442604370
204,Wellness,3928049073905865159
205,Insurance,-2611088800210967206
206,Professionalservices,8712968451453521438
206,Software,6273975210915946900
206,Tech,5392941245537608590
207,Pulpandpaper,-6437840659131807937
208,Tech,5392941245537608590
208,Software,6273975210915946900
209,Pharmaceuticals,5380718181721596073
209,Biotech,-6437318974046106094
210,Insurance,-2611088800210967206
212,Restaurantchains,-8690128616648987675
213,Food,4721068128442604370
215,MedicalCareFacilities,-1383796583637029543
215,Healthcare,1473658128705581606
217,Dowjones,-3512652547975320346
217,Chemicals,-818748575553705624
218,Financialservices,3247786743286756867
218,Banks,-3731527361154377479
219,Tech,5392941245537608590
219,Telecommunication,-3862064693147789081
220,WasteRecycling,-8067709401467209413
221,Pharmaceuticals,5380718181721596073
221,Biotech,-6437318974046106094
223,CruiseLines,4428830636166521774
223,Travel,458727220244788973
224,Food,4721068128442604370
227,Consumergoods,-4654293209815127527
229,Healthcare,1473658128705581606
230,Conglomerate,7862095367587665244
231,Ridesharing,5515606769584986266
231,Internet,-848597773130649638
231,Tech,5392941245537608590
231,Transportation,-2725400413481745490
232,Food,4721068128442604370
233,Pharmaceuticals,5380718181721596073
233,Biotech,-6437318974046106094
234,Transportation,-2725400413481745490
235,SpecialtyVehicles,-5522482237379519668
236,Retail,2932210656109287952
237,Manufacturing,2771886960464485094
237,Electronics,-4280093456798597290
237,Tech,5392941245537608590
237,TechHardware,-5791872359498690370
238,Consumergoods,-4654293209815127527
239,Semiconductors,590283686970277566
239,Tech,5392941245537608590
239,TechHardware,-5791872359498690370
240,Electricity,-800801453892895456
242,Food,4721068128442604370
242,Retail,2932210656109287952
243,Food,4721068128442604370
244,Semiconductors,590283686970277566
244,Tech,5392941245537608590
244,TechHardware,-5791872359498690370
245,Financialservices,3247786743286756867
245,Tech,5392941245537608590
245,Internet,-848597773130649638
245,Bitcoin,1757249085431543515
246,Railways,593276617896207476
246,Transportation,-2725400413481745490
246,Infrastructure,7432902716785306754
248,Manufacturing,2771886960464485094
249,Dowjones,-3512652547975320346
249,Insurance,-2611088800210967206
250,Electronics,-4280093456798597290
251,Clothing,-4012403625881737752
251,Retail,2932210656109287952
252,Engineering,-4107645347768548595
254,Buildingmaterials,6318092696281818196
255,Telecommunicationsequipment,-8592063776107010306
256,Semiconductors,590283686970277566
256,Electronics,-4280093456798597290
256,Tech,5392941245537608590
257,Usedcarretailer,-6325853402836694818
257,Carretail,6786009806407624192
258,ITservices,6845817224175256592
258,Professionalservices,8712968451453521438
259,ITservices,6845817224175256592
259,Professionalservices,8712968451453521438
262,Steelproducers,4242005143441865998
262,Steelindustry,-54470019612759297
264,Retail,2932210656109287952
265,Insurance,-2611088800210967206
266,Food,4721068128442604370
267,Engineering,-4107645347768548595
268,Chemicals,-818748575553705624
270,Energy,-2882595272621617431
270,Electricity,-800801453892895456
270,OilGas,7683904390150838630
270,Utilitycompanies,-7880188492962909296
271,Transportation,-2725400413481745490
272,Energy,-2882595272621617431
272,OilGas,7683904390150838630
273,Energy,-2882595272621617431
273,OilGas,7683904390150838630
273,Electricity,-800801453892895456
273,Utilitycompanies,-7880188492962909296
274,Steelproducers,4242005143441865998
274,Steelindustry,-54470019612759297
275,Beverages,-5284870312286199973
276,Hotels,-4147010109171616253
276,Gambling,-2553870588303058339
276,Entertainment,6852268802481802111
276,Travel,458727220244788973
278,Retail,2932210656109287952
279,Realestate,5170806780538916196
279,Financialservices,3247786743286756867
280,Packaging,1415757590594131741
280,Manufacturing,2771886960464485094
281,Electricity,-800801453892895456
281,Energy,-2882595272621617431
281,OilGas,7683904390150838630
283,Retail,2932210656109287952
284,Software,6273975210915946900
284,Tech,5392941245537608590
286,Education,-2647921079241484351
288,MediaPress,-6159643471181631199
293,Professionalservices,8712968451453521438
294,Financialservices,3247786743286756867
294,Tech,5392941245537608590
296,Software,6273975210915946900
296,Tech,5392941245537608590
297,Sportsgoods,-818079648815732376
299,Mining,7127826760677441784
300,Semiconductors,590283686970277566
300,Tech,5392941245537608590
300,Manufacturing,2771886960464485094
301,Transportation,-2725400413481745490
302,Steelproducers,4242005143441865998
302,Steelindustry,-54470019612759297
303,Packaging,1415757590594131741
304,Pharmaceuticals,5380718181721596073
304,Dowjones,-3512652547975320346
304,Biotech,-6437318974046106094
305,MedicalCareFacilities,-1383796583637029543
308,Retail,2932210656109287952
308,SupermarketChains,-4069439822336842578
310,FlavorsFragrances,2853990268684777167
310,CosmeticsandBeauty,-7662671245642841754
311,Financialservices,3247786743286756867
313,Tech,5392941245537608590
313,TechHardware,-5791872359498690370
313,Electronics,-4280093456798597290
314,Financialservices,3247786743286756867
315,Carrental,-8916052247768530120
316,Food,4721068128442604370
317,MediaPress,-6159643471181631199
317,Entertainment,6852268802481802111
318,Financialservices,3247786743286756867
321,Medicaldevices,-2500090628927350323
321,Tech,5392941245537608590
323,Food,4721068128442604370
323,Restaurantchains,-8690128616648987675
324,Tech,5392941245537608590
324,Semiconductors,590283686970277566
324,Electronics,-4280093456798597290
324,TechHardware,-5791872359498690370
324,Autonomousdriving,-7674529030655768042
325,Airlines,-6287371891685245861
325,Travel,458727220244788973
325,Transportation,-2725400413481745490
327,Usedcarretailer,-6325853402836694818
327,Carretail,6786009806407624192
328,Sportsgoods,-818079648815732376
328,Retail,2932210656109287952
329,Financialservices,3247786743286756867
329,Software,6273975210915946900
329,Tech,5392941245537608590
333,Healthcare,1473658128705581606
334,Gambling,-2553870588303058339
334,Entertainment,6852268802481802111
335,Railways,593276617896207476
335,Transportation,-2725400413481745490
335,Infrastructure,7432902716785306754
336,Food,4721068128442604370
337,Internet,-848597773130649638
337,ECommerce,5458971525214020641
337,Tech,5392941245537608590
338,Restaurantchains,-8690128616648987675
338,Food,4721068128442604370
339,Carretail,6786009806407624192
339,Retail,2932210656109287952
340,Internet,-848597773130649638
340,Usedcarretailer,-6325853402836694818
340,Carretail,6786009806407624192
342,Healthcare,1473658128705581606
343,Professionalservices,8712968451453521438
343,Engineering,-4107645347768548595
344,Tech,5392941245537608590
344,TechHardware,-5791872359498690370
344,Semiconductors,590283686970277566
345,Agriculture,-4833034140269920163
345,Chemicals,-818748575553705624
346,Chemicals,-818748575553705624
350,RentalLeasingServices,985844065485390940
352,Insurance,-2611088800210967206
352,Investment,-3683647381629899485
353,Clothing,-4012403625881737752
353,Footwear,-6317385944413730398
354,Airlines,-6287371891685245861
354,Travel,458727220244788973
354,Transportation,-2725400413481745490
355,Healthcare,1473658128705581606
356,Advertising,-8917243490172367829
357,AutomotiveSuppliers,-5087768184139776565
358,Buildingmaterials,6318092696281818196
362,Food,4721068128442604370
363,Semiconductors,590283686970277566
363,Tech,5392941245537608590
364,WasteRecycling,-8067709401467209413
365,Banks,-3731527361154377479
365,Financialservices,3247786743286756867
366,Financialservices,3247786743286756867
367,Aerospace,-4642465698626703435
371,Medicaldevices,-2500090628927350323
372,Internet,-848597773130649638
372,Travel,458727220244788973
372,OnlineTravel,-6625258044840405860
372,Tech,5392941245537608590
373,ScientificTechnicalInstruments,-2149647711263352644
373,Tech,5392941245537608590
374,Financialservices,3247786743286756867
374,Banks,-3731527361154377479
375,Banks,-3731527361154377479
375,Financialservices,3247786743286756867
376,Chemicals,-818748575553705624
377,Transportation,-2725400413481745490
378,Pharmaceuticals,5380718181721596073
378,Biotech,-6437318974046106094
380,Telecommunicationsequipment,-8592063776107010306
381,Semiconductors,590283686970277566
381,Tech,5392941245537608590
381,TechHardware,-5791872359498690370
382,Biotech,-6437318974046106094
383,Insurance,-2611088800210967206
383,Investment,-3683647381629899485
383,Financialservices,3247786743286756867
385,Electronics,-4280093456798597290
385,Manufacturing,2771886960464485094
386,Investment,-3683647381629899485
387,WasteRecycling,-8067709401467209413
388,Electronics,-4280093456798597290
389,Transportation,-2725400413481745490
390,Railways,593276617896207476
390,Infrastructure,7432902716785306754
391,Financialservices,3247786743286756867
391,Insurance,-2611088800210967206
393,Realestate,5170806780538916196
393,Investment,-3683647381629899485
393,REITs,-5778598063774395952
395,Internet,-848597773130649638
395,ECommerce,5458971525214020641
395,Tech,5392941245537608590
395,Retail,2932210656109287952
397,AutomotiveSuppliers,-5087768184139776565
397,autoparts,457000037362712057
399,Financialservices,3247786743286756867
401,Food,4721068128442604370
402,Sportsgoods,-818079648815732376
404,Biotech,-6437318974046106094
404,Manufacturing,2771886960464485094
405,Energy,-2882595272621617431
405,OilGas,7683904390150838630
406,SupermarketChains,-4069439822336842578
406,Retail,2932210656109287952
406,Food,4721068128442604370
407,Financialservices,3247786743286756867
407,Banks,-3731527361154377479
408,Healthcare,1473658128705581606
409,Software,6273975210915946900
409,Tech,5392941245537608590
410,Banks,-3731527361154377479
410,Financialservices,3247786743286756867
411,Electricity,-800801453892895456
411,Energy,-2882595272621617431
411,Utilitycompanies,-7880188492962909296
412,Software,6273975210915946900
412,Tech,5392941245537608590
415,Software,6273975210915946900
415,Tech,5392941245537608590
416,Software,6273975210915946900
416,Internet,-848597773130649638
416,Tech,5392941245537608590
417,Travel,458727220244788973
417,MediaPress,-6159643471181631199
418,PaintCoating,-4532348074205842255
418,Buildingmaterials,6318092696281818196
419,Financialservices,3247786743286756867
420,Electricity,-800801453892895456
420,Energy,-2882595272621617431
421,Food,4721068128442604370
423,Professionalservices,8712968451453521438
424,Footwear,-6317385944413730398
424,Retail,2932210656109287952
425,Packaging,1415757590594131741
427,Retail,2932210656109287952
427,CosmeticsandBeauty,-7662671245642841754
429,Insurance,-2611088800210967206
429,RentalLeasingServices,985844065485390940
430,Software,6273975210915946900
430,Semiconductors,590283686970277566
430,Tech,5392941245537608590
430,Electronics,-4280093456798597290
430,TechHardware,-5791872359498690370
431,MediaPress,-6159643471181631199
432,ITservices,6845817224175256592
432,Software,6273975210915946900
432,Tech,5392941245537608590
433,Alcoholicbeverages,-7749993172415088463
433,Beverages,-5284870312286199973
434,Realestate,5170806780538916196
434,Investment,-3683647381629899485
435,Medicaldevices,-2500090628927350323
437,Electronics,-4280093456798597290
440,Software,6273975210915946900
440,Tech,5392941245537608590
441,Manufacturing,2771886960464485094
442,Carrental,-8916052247768530120
443,Automakers,-2133819116979903276
445,Chemicals,-818748575553705624
445,Healthcare,1473658128705581606
446,Professionalservices,8712968451453521438
449,Medicaldevices,-2500090628927350323
453,Tech,5392941245537608590
453,Semiconductors,590283686970277566
453,Electronics,-4280093456798597290
453,TechHardware,-5791872359498690370
454,Energy,-2882595272621617431
454,OilGas,7683904390150838630
454,Electricity,-800801453892895456
454,Infrastructure,7432902716785306754
457,Airlines,-6287371891685245861
457,Travel,458727220244788973
457,Transportation,-2725400413481745490
460,Telecommunication,-3862064693147789081
462,Advertising,-8917243490172367829
463,Transportation,-2725400413481745490
467,Energy,-2882595272621617431
467,Electricity,-800801453892895456
467,Utilitycompanies,-7880188492962909296
467,Renewableenergy,4327428005001277297
468,Internet,-848597773130649638
468,ECommerce,5458971525214020641
468,Tech,5392941245537608590
469,Retail,2932210656109287952
469,Clothing,-4012403625881737752
470,Travel,458727220244788973
470,Internet,-848597773130649638
470,OnlineTravel,-6625258044840405860
470,Tech,5392941245537608590
471,Mining,7127826760677441784
472,Software,6273975210915946900
472,Tech,5392941245537608590
473,Food,4721068128442604370
474,Engineering,-4107645347768548595
474,Professionalservices,8712968451453521438
475,Semiconductors,590283686970277566
475,Tech,5392941245537608590
475,TechHardware,-5791872359498690370
476,StaffingEmploymentServices,-7635784744819376551
476,Professionalservices,8712968451453521438
477,Financialservices,3247786743286756867
478,WasteRecycling,-8067709401467209413
479,Chemicals,-818748575553705624
481,Telecommunication,-3862064693147789081
482,Mining,7127826760677441784
482,Goldmining,-7446242768425141597
483,Pharmaceuticals,5380718181721596073
483,Biotech,-6437318974046106094
484,Professionalservices,8712968451453521438
484,Financialservices,3247786743286756867
487,Healthcare,1473658128705581606
490,Clothing,-4012403625881737752
491,Healthcare,1473658128705581606
491,Insurance,-2611088800210967206
492,Clothing,-4012403625881737752
493,Education,-2647921079241484351
494,Pizza,1841143821339248898
494,Food,4721068128442604370
494,Restaurantchains,-8690128616648987675
497,Glassesandcontactlenses,-4062248710805973075
498,Medicaldevices,-2500090628927350323
499,OilGas,7683904390150838630
499,Energy,-2882595272621617431
500,Food,4721068128442604370
501,Semiconductors,590283686970277566
501,Tech,5392941245537608590
501,TechHardware,-5791872359498690370
502,Chemicals,-818748575553705624
505,Electricity,-800801453892895456
505,Energy,-2882595272621617431
506,Restaurantchains,-8690128616648987675
506,Entertainment,6852268802481802111
509,Steelproducers,4242005143441865998
509,Steelindustry,-54470019612759297
509,Aluminum,4789257477296730980
512,Chemicals,-818748575553705624
513,Footwear,-6317385944413730398
517,MediaPress,-6159643471181631199
522,Beverages,-5284870312286199973
526,Healthcare,1473658128705581606
528,Videogames,7351854534314693888
528,Esports,2732967412084140002
528,Entertainment,6852268802481802111
528,Tech,5392941245537608590
529,Retail,2932210656109287952
530,Furniture,1511125769664533416
531,Toolmanufacturers,879559295262596115
531,Manufacturing,2771886960464485094
533,Clothing,-4012403625881737752
533,Retail,2932210656109287952
534,Financialservices,3247786743286756867
535,Electricity,-800801453892895456
535,Energy,-2882595272621617431
536,Clothing,-4012403625881737752
537,Software,6273975210915946900
537,Tech,5392941245537608590
538,Retail,2932210656109287952
539,Tech,5392941245537608590
539,Software,6273975210915946900
539,ITsecurity,2028367090288460929
539,Networkinghardware,-4800082983762754847
540,OilGas,7683904390150838630
540,Energy,-2882595272621617431
541,Fertilizercompanies,3820602402551651054
542,Clothing,-4012403625881737752
542,Retail,2932210656109287952
545,Electricity,-800801453892895456
545,Energy,-2882595272621617431
546,Hotels,-4147010109171616253
546,Travel,458727220244788973
547,Aluminum,4789257477296730980
548,Retail,2932210656109287952
548,HomeKitchenAppliances,-5591954248944563604
548,Furniture,1511125769664533416
549,MediaPress,-6159643471181631199
550,Pharmaceuticals,5380718181721596073
550,Biotech,-6437318974046106094
552,ITservices,6845817224175256592
552,Professionalservices,8712968451453521438
553,PaintCoating,-4532348074205842255
554,Videogames,7351854534314693888
554,Retail,2932210656109287952
555,Food,4721068128442604370
557,Steelproducers,4242005143441865998
557,Steelindustry,-54470019612759297
558,Financialservices,3247786743286756867
558,Insurance,-2611088800210967206
559,Utilitycompanies,-7880188492962909296
559,Energy,-2882595272621617431
559,Electricity,-800801453892895456
560,Software,6273975210915946900
560,Tech,5392941245537608590
561,Financialservices,3247786743286756867
562,Software,6273975210915946900
562,Tech,5392941245537608590
563,Buildingmaterials,6318092696281818196
565,Internet,-848597773130649638
565,Tech,5392941245537608590
565,REITs,-5778598063774395952
565,Realestate,5170806780538916196
565,Investment,-3683647381629899485
566,Construction,6530315917355802760
567,Energy,-2882595272621617431
567,Electricity,-800801453892895456
567,Utilitycompanies,-7880188492962909296
568,OilGas,7683904390150838630
568,Energy,-2882595272621617431
571,Transportation,-2725400413481745490
572,Tech,5392941245537608590
572,Software,6273975210915946900
572,ITsecurity,2028367090288460929
572,Networkinghardware,-4800082983762754847
573,Transportation,-2725400413481745490
573,Courier,3896409760083245788
574,Telecommunication,-3862064693147789081
578,Furniture,1511125769664533416
579,Utilitycompanies,-7880188492962909296
579,OilGas,7683904390150838630
579,Energy,-2882595272621617431
580,Entertainment,6852268802481802111
580,Internet,-848597773130649638
580,Tech,5392941245537608590
581,Tobacco,-2610445584270321844
582,Retail,2932210656109287952
583,Financialservices,3247786743286756867
583,Software,6273975210915946900
583,Tech,5392941245537608590
588,FlavorsFragrances,2853990268684777167
588,CosmeticsandBeauty,-7662671245642841754
588,Luxurygoods,232470970942915911
588,Consumergoods,-4654293209815127527
589,Entertainment,6852268802481802111
589,MediaPress,-6159643471181631199
593,Tech,5392941245537608590
593,SmartHome,-7848355702679722227
595,Conglomerate,7862095367587665244
597,Electronics,-4280093456798597290
597,Tech,5392941245537608590
597,Semiconductors,590283686970277566
597,TechHardware,-5791872359498690370
599,SupermarketChains,-4069439822336842578
599,Retail,2932210656109287952
600,Electronics,-4280093456798597290
600,Manufacturing,2771886960464485094
601,Financialservices,3247786743286756867
601,Investment,-3683647381629899485
601,Insurance,-2611088800210967206
602,Construction,6530315917355802760
603,Multilevelmarketing,-2477597736499226636
603,Dietarysupplements,6040640138690966736
604,Transportation,-2725400413481745490
605,Internet,-848597773130649638
605,ECommerce,5458971525214020641
605,Tech,5392941245537608590
606,Professionalservices,8712968451453521438
607,Construction,6530315917355802760
608,Food,4721068128442604370
609,Biotech,-6437318974046106094
609,Pharmaceuticals,5380718181721596073
610,Networkinghardware,-4800082983762754847
610,Telecommunicationsequipment,-8592063776107010306
610,Tech,5392941245537608590
610,TechHardware,-5791872359498690370
612,Steelproducers,4242005143441865998
612,Steelindustry,-54470019612759297
614,MediaPress,-6159643471181631199
615,OilGas,7683904390150838630
615,Transportation,-2725400413481745490
615,Infrastructure,7432902716785306754
615,Energy,-2882595272621617431
616,Banks,-3731527361154377479
616,Financialservices,3247786743286756867
619,Financialservices,3247786743286756867
620,Automakers,-2133819116979903276
620,Manufacturing,2771886960464485094
620,ElectricVehicles,7306870937902693610
627,Energy,-2882595272621617431
627,Electricity,-800801453892895456
627,Utilitycompanies,-7880188492962909296
629,Financialservices,3247786743286756867
630,Entertainment,6852268802481802111
631,Insurance,-2611088800210967206
632,Pharmaceuticals,5380718181721596073
632,Packaging,1415757590594131741
633,Software,6273975210915946900
633,Tech,5392941245537608590
634,Restaurantchains,-8690128616648987675
634,Food,4721068128442604370
635,MedicalCareFacilities,-1383796583637029543
635,Healthcare,1473658128705581606
636,Entertainment,6852268802481802111
636,Gambling,-2553870588303058339
642,Alcoholicbeverages,-7749993172415088463
642,Beverages,-5284870312286199973
643,Buildingmaterials,6318092696281818196
649,Realestate,5170806780538916196
649,REITs,-5778598063774395952
649,Investment,-3683647381629899485
650,Airlines,-6287371891685245861
650,Travel,458727220244788973
650,Transportation,-2725400413481745490
652,Software,6273975210915946900
652,Electronics,-4280093456798597290
652,Tech,5392941245537608590
652,TechHardware,-5791872359498690370
653,Investment,-3683647381629899485
654,Videogames,7351854534314693888
654,Esports,2732967412084140002
654,Entertainment,6852268802481802111
654,Tech,5392941245537608590
655,Energy,-2882595272621617431
655,OilGas,7683904390150838630
656,Medicaldevices,-2500090628927350323
657,Financialservices,3247786743286756867
658,Restaurantchains,-8690128616648987675
658,Food,4721068128442604370
659,Realestate,5170806780538916196
660,Clothing,-4012403625881737752
660,Retail,2932210656109287952
661,Pharmaceuticals,5380718181721596073
661,Biotech,-6437318974046106094
663,Financialservices,3247786743286756867
664,Education,-2647921079241484351
664,MediaPress,-6159643471181631199
667,Internet,-848597773130649638
667,Usedcarretailer,-6325853402836694818
667,ECommerce,5458971525214020641
667,Carretail,6786009806407624192
668,Chemicals,-818748575553705624
669,Electricity,-800801453892895456
669,Energy,-2882595272621617431
670,OilGas,7683904390150838630
670,Energy,-2882595272621617431
672,Pharmaceuticals,5380718181721596073
672,Biotech,-6437318974046106094
673,Software,6273975210915946900
673,Tech,5392941245537608590
673,Electronics,-4280093456798597290
673,TechHardware,-5791872359498690370
675,Tech,5392941245537608590
675,Internet,-848597773130649638
675,Software,6273975210915946900
675,ITsecurity,2028367090288460929
677,Energy,-2882595272621617431
677,Utilitycompanies,-7880188492962909296
677,Electricity,-800801453892895456
679,MediaPress,-6159643471181631199
681,Retail,2932210656109287952
682,Electricity,-800801453892895456
682,Energy,-2882595272621617431
683,Advertising,-8917243490172367829
684,Clothing,-4012403625881737752
685,Cannabis,2344263859226718052
688,Pharmaceuticals,5380718181721596073
688,Biotech,-6437318974046106094
689,Telecommunication,-3862064693147789081
691,Consumergoods,-4654293209815127527
693,Stockexchanges,-1138978670617470884
693,Financialservices,3247786743286756867
693,StockCryptoexchanges,-2482936595776465086
694,Food,4721068128442604370
696,Semiconductors,590283686970277566
696,Tech,5392941245537608590
697,Retail,2932210656109287952
700,Semiconductors,590283686970277566
700,Tech,5392941245537608590
703,Construction,6530315917355802760
704,Transportation,-2725400413481745490
706,MediaPress,-6159643471181631199
707,FoodDelivery,3541695883260010403
707,Internet,-848597773130649638
707,Food,4721068128442604370
707,Tech,5392941245537608590
708,Manufacturing,2771886960464485094
710,Financialservices,3247786743286756867
711,Financialservices,3247786743286756867
711,Tech,5392941245537608590
711,Bitcoin,1757249085431543515
712,Software,6273975210915946900
712,Tech,5392941245537608590
714,Electricity,-800801453892895456
714,Energy,-2882595272621617431
714,Utilitycompanies,-7880188492962909296
716,Engineering,-4107645347768548595
716,Professionalservices,8712968451453521438
717,Chemicals,-818748575553705624
718,Electricity,-800801453892895456
718,Energy,-2882595272621617431
721,Sportsgoods,-818079648815732376
721,Clothing,-4012403625881737752
722,MedicalCareFacilities,-1383796583637029543
724,Tech,5392941245537608590
724,Internet,-848597773130649638
724,Travel,458727220244788973
724,OnlineTravel,-6625258044840405860
728,Tech,5392941245537608590
728,Internet,-848597773130649638
728,Software,6273975210915946900
729,Telecommunication,-3862064693147789081
729,Telecommunicationsequipment,-8592063776107010306
730,Transportation,-2725400413481745490
731,Restaurantchains,-8690128616648987675
731,Food,4721068128442604370
733,Healthcare,1473658128705581606
733,ITservices,6845817224175256592
733,Professionalservices,8712968451453521438
733,Tech,5392941245537608590
734,Professionalservices,8712968451453521438
735,Hotels,-4147010109171616253
735,Travel,458727220244788973
736,Food,4721068128442604370
739,Clothing,-4012403625881737752
739,Tech,5392941245537608590
740,Healthcare,1473658128705581606
741,Furniture,1511125769664533416
742,Software,6273975210915946900
742,Tech,5392941245537608590
743,AutomotiveSuppliers,-5087768184139776565
744,Construction,6530315917355802760
747,Videogames,7351854534314693888
747,Esports,2732967412084140002
747,Entertainment,6852268802481802111
747,Tech,5392941245537608590
748,Investment,-3683647381629899485
751,MediaPress,-6159643471181631199
751,Entertainment,6852268802481802111
754,Insurance,-2611088800210967206
755,Engineering,-4107645347768548595
755,Construction,6530315917355802760
756,Software,6273975210915946900
756,Tech,5392941245537608590
759,Pulpandpaper,-6437840659131807937
760,Retail,2932210656109287952
760,Clothing,-4012403625881737752
761,Education,-2647921079241484351
762,Tires,-8622739485747277500
763,Entertainment,6852268802481802111
764,Software,6273975210915946900
764,Tech,5392941245537608590
765,Software,6273975210915946900
765,Tech,5392941245537608590
768,Financialservices,3247786743286756867
769,Pizza,1841143821339248898
769,Food,4721068128442604370
769,Restaurantchains,-8690128616648987675
770,Professionalservices,8712968451453521438
770,StaffingEmploymentServices,-7635784744819376551
773,Realestate,5170806780538916196
773,Professionalservices,8712968451453521438
776,Utilitycompanies,-7880188492962909296
776,Electricity,-800801453892895456
776,Energy,-2882595272621617431
777,OilGas,7683904390150838630
777,Energy,-2882595272621617431
777,OilGasEquipmentServices,-5823085833726200737
778,Software,6273975210915946900
778,Tech,5392941245537608590
780,Electronics,-4280093456798597290
780,Manufacturing,2771886960464485094
781,Manufacturing,2771886960464485094
783,Retail,2932210656109287952
784,Sportsgoods,-818079648815732376
784,Clothing,-4012403625881737752
784,Footwear,-6317385944413730398
786,Software,6273975210915946900
786,Tech,5392941245537608590
787,Financialservices,3247786743286756867
788,Clothing,-4012403625881737752
788,Retail,2932210656109287952
789,Pharmaceuticals,5380718181721596073
789,Biotech,-6437318974046106094
791,Electronics,-4280093456798597290
791,Manufacturing,2771886960464485094
792,Electronics,-4280093456798597290
795,Software,6273975210915946900
795,Tech,5392941245537608590
799,Personalcare,1380193454701069226
800,Sportsgoods,-818079648815732376
801,Healthcare,1473658128705581606
801,DiagnosticsandTesting,8004627630865990902
801,Manufacturing,2771886960464485094
803,Financialservices,3247786743286756867
803,Tech,5392941245537608590
804,Tech,5392941245537608590
804,TechHardware,-5791872359498690370
805,Software,6273975210915946900
805,Tech,5392941245537608590
806,SpecialtyVehicles,-5522482237379519668
806,Manufacturing,2771886960464485094
809,MedicalCareFacilities,-1383796583637029543
809,Healthcare,1473658128705581606
809,DiagnosticsandTesting,8004627630865990902
811,Medicaldevices,-2500090628927350323
812,Conglomerate,7862095367587665244
813,Restaurantchains,-8690128616648987675
813,Food,4721068128442604370
814,Food,4721068128442604370
815,Tech,5392941245537608590
815,Semiconductors,590283686970277566
815,TechHardware,-5791872359498690370
815,Manufacturing,2771886960464485094
816,Airlines,-6287371891685245861
816,Travel,458727220244788973
816,Transportation,-2725400413481745490
819,Banks,-3731527361154377479
819,Financialservices,3247786743286756867
820,Internet,-848597773130649638
820,Tech,5392941245537608590
821,Financialservices,3247786743286756867
822,Tech,5392941245537608590
822,Software,6273975210915946900
826,Construction,6530315917355802760
826,Financialservices,3247786743286756867
829,Software,6273975210915946900
829,Tech,5392941245537608590
832,Chemicals,-818748575553705624
834,Electronics,-4280093456798597290
835,Realestate,5170806780538916196
835,Internet,-848597773130649638
835,Tech,5392941245537608590
836,Software,6273975210915946900
836,Professionalservices,8712968451453521438
836,Tech,5392941245537608590
837,Software,6273975210915946900
837,Tech,5392941245537608590
839,Healthcare,1473658128705581606
839,MedicalCareFacilities,-1383796583637029543
840,Biotech,-6437318974046106094
840,DiagnosticsandTesting,8004627630865990902
841,Financialservices,3247786743286756867
842,Retail,2932210656109287952
843,StaffingEmploymentServices,-7635784744819376551
843,Professionalservices,8712968451453521438
844,Chemicals,-818748575553705624
846,Chemicals,-818748575553705624
847,Utilitycompanies,-7880188492962909296
848,Telecommunication,-3862064693147789081
848,Realestate,5170806780538916196
848,REITs,-5778598063774395952
848,Infrastructure,7432902716785306754
849,Restaurantchains,-8690128616648987675
849,Food,4721068128442604370
851,Electronics,-4280093456798597290
851,Manufacturing,2771886960464485094
852,Entertainment,6852268802481802111
852,Gambling,-2553870588303058339
854,Medicaldevices,-2500090628927350323
854,Biotech,-6437318974046106094
856,Financialservices,3247786743286756867
857,Banks,-3731527361154377479
857,Financialservices,3247786743286756867
858,Tech,5392941245537608590
858,Software,6273975210915946900
858,ITsecurity,2028367090288460929
860,Buildingmaterials,6318092696281818196
861,Footwear,-6317385944413730398
863,Manufacturing,2771886960464485094
866,Financialservices,3247786743286756867
867,Software,6273975210915946900
867,Tech,5392941245537608590
868,Travel,458727220244788973
868,Internet,-848597773130649638
868,OnlineTravel,-6625258044840405860
868,Tech,5392941245537608590
869,Energy,-2882595272621617431
869,Electricity,-800801453892895456
869,Utilitycompanies,-7880188492962909296
871,Packaging,1415757590594131741
873,Professionalservices,8712968451453521438
874,MediaPress,-6159643471181631199
874,Sportsgoods,-818079648815732376
875,Financialservices,3247786743286756867
876,Professionalservices,8712968451453521438
876,Software,6273975210915946900
876,Tech,5392941245537608590
878,Financialservices,3247786743286756867
878,Professionalservices,8712968451453521438
880,Financialservices,3247786743286756867
882,Tobacco,-2610445584270321844
883,Chemicals,-818748575553705624
884,OilGas,7683904390150838630
884,Energy,-2882595272621617431
885,Financialservices,3247786743286756867
886,Entertainment,6852268802481802111
888,Semiconductors,590283686970277566
888,Tech,5392941245537608590
888,TechHardware,-5791872359498690370
890,Stockexchanges,-1138978670617470884
890,Financialservices,3247786743286756867
890,StockCryptoexchanges,-2482936595776465086
891,Insurance,-2611088800210967206
892,autoparts,457000037362712057
893,CosmeticsandBeauty,-7662671245642841754
894,Realestate,5170806780538916196
894,Investment,-3683647381629899485
894,REITs,-5778598063774395952
896,Realestate,5170806780538916196
896,Internet,-848597773130649638
896,Tech,5392941245537608590
897,Software,6273975210915946900
897,Internet,-848597773130649638
897,Tech,5392941245537608590
897,ITsecurity,2028367090288460929
898,Footwear,-6317385944413730398
898,Manufacturing,2771886960464485094
900,Airlines,-6287371891685245861
900,Travel,458727220244788973
900,Transportation,-2725400413481745490
901,Manufacturing,2771886960464485094
902,Retail,2932210656109287952
902,Furniture,1511125769664533416
903,Internet,-848597773130649638
903,Tech,5392941245537608590
906,Electricity,-800801453892895456
906,Energy,-2882595272621617431
907,Defensecontractors,6178421995435006470
908,Gambling,-2553870588303058339
908,Entertainment,6852268802481802111
910,Cannabis,2344263859226718052
911,Financialservices,3247786743286756867
911,Insurance,-2611088800210967206
912,Electronics,-4280093456798597290
913,RentalLeasingServices,985844065485390940
914,MediaPress,-6159643471181631199
915,Financialservices,3247786743286756867
917,Financialservices,3247786743286756867
918,Telecommunication,-3862064693147789081
919,Hotels,-4147010109171616253
919,Travel,458727220244788973
920,Energy,-2882595272621617431
920,OilGas,7683904390150838630
920,OilGasEquipmentServices,-5823085833726200737
921,AssetManagement,3395336196960591160
921,Financialservices,3247786743286756867
922,Professionalservices,8712968451453521438
923,Software,6273975210915946900
923,Tech,5392941245537608590
927,Restaurantchains,-8690128616648987675
927,Food,4721068128442604370
928,Software,6273975210915946900
928,Tech,5392941245537608590
929,Buildingmaterials,6318092696281818196
930,Insurance,-2611088800210967206
933,Retail,2932210656109287952
934,Engineering,-4107645347768548595
934,Professionalservices,8712968451453521438
936,Software,6273975210915946900
936,Tech,5392941245537608590
937,Banks,-3731527361154377479
937,Financialservices,3247786743286756867
938,Aerospace,-4642465698626703435
940,Healthcare,1473658128705581606
941,Manufacturing,2771886960464485094
943,Software,6273975210915946900
943,Tech,5392941245537608590
944,Software,6273975210915946900
944,Tech,5392941245537608590
945,Airlines,-6287371891685245861
945,Travel,458727220244788973
945,Transportation,-2725400413481745490
946,Furniture,1511125769664533416
946,Retail,2932210656109287952
948,Software,6273975210915946900
948,Tech,5392941245537608590
948,Videogames,7351854534314693888
950,Healthcare,1473658128705581606
950,Telehealth,8571738462301140061
950,Internet,-848597773130649638
950,Tech,5392941245537608590
951,Airlines,-6287371891685245861
951,Travel,458727220244788973
951,Transportation,-2725400413481745490
952,Alcoholicbeverages,-7749993172415088463
952,Beverages,-5284870312286199973
953,Footwear,-6317385944413730398
954,Engineering,-4107645347768548595
954,Professionalservices,8712968451453521438
955,MedicalCareFacilities,-1383796583637029543
957,Aerospace,-4642465698626703435
958,Insurance,-2611088800210967206
959,Education,-2647921079241484351
959,MediaPress,-6159643471181631199
960,Transportation,-2725400413481745490
960,Maritimetransportation,707783196620816841
961,Pulpandpaper,-6437840659131807937
961,Packaging,1415757590594131741
962,Aerospace,-4642465698626703435
962,Manufacturing,2771886960464485094
964,Consumergoods,-4654293209815127527
966,Semiconductors,590283686970277566
966,Tech,5392941245537608590
966,TechHardware,-5791872359498690370
967,Retail,2932210656109287952
968,Energy,-2882595272621617431
968,Electricity,-800801453892895456
969,Aerospace,-4642465698626703435
969,Manufacturing,2771886960464485094
971,AutomotiveSuppliers,-5087768184139776565
972,Software,6273975210915946900
972,Tech,5392941245537608590
973,AutomotiveSuppliers,-5087768184139776565
973,Manufacturing,2771886960464485094
974,MediaPress,-6159643471181631199
975,Ridesharing,5515606769584986266
975,Internet,-848597773130649638
975,Tech,5392941245537608590
977,Realestate,5170806780538916196
977,Professionalservices,8712968451453521438
979,Realestate,5170806780538916196
979,Investment,-3683647381629899485
979,REITs,-5778598063774395952
979,Telecommunication,-3862064693147789081
979,Infrastructure,7432902716785306754
981,Tech,5392941245537608590
981,Software,6273975210915946900
982,Software,6273975210915946900
982,Tech,5392941245537608590
982,ITsecurity,2028367090288460929
983,Realestate,5170806780538916196
983,Investment,-3683647381629899485
983,REITs,-5778598063774395952
984,Utilitycompanies,-7880188492962909296
984,Electricity,-800801453892895456
984,Energy,-2882595272621617431
986,Advertising,-8917243490172367829
986,MediaPress,-6159643471181631199
987,Healthcare,1473658128705581606
988,Mining,7127826760677441784
988,CoalMining,2697085083429856192
988,Energy,-2882595272621617431
992,Food,4721068128442604370
992,Restaurantchains,-8690128616648987675
993,Software,6273975210915946900
993,Tech,5392941245537608590
997,OilGas,7683904390150838630
997,Energy,-2882595272621617431
998,Realestate,5170806780538916196
998,Software,6273975210915946900
998,Tech,5392941245537608590
1000,Tech,5392941245537608590
1000,Realestate,5170806780538916196
1001,Banks,-3731527361154377479
1001,Financialservices,3247786743286756867
1004,Chemicals,-818748575553705624
1006,Clothing,-4012403625881737752
1009,Utilitycompanies,-7880188492962909296
1010,Education,-2647921079241484351
1011,Restaurantchains,-8690128616648987675
1011,Food,4721068128442604370
1012,Tech,5392941245537608590
1012,Electronics,-4280093456798597290
1012,Networkinghardware,-4800082983762754847
1012,TechHardware,-5791872359498690370
1014,Advertising,-8917243490172367829
1015,Tech,5392941245537608590
1016,Software,6273975210915946900
1016,Tech,5392941245537608590
1017,Manufacturing,2771886960464485094
1019,Banks,-3731527361154377479
1020,Medicaldevices,-2500090628927350323
1022,Restaurantchains,-8690128616648987675
1022,Food,4721068128442604370
1023,Software,6273975210915946900
1023,Tech,5392941245537608590
1025,Steelindustry,-54470019612759297
1026,Software,6273975210915946900
1026,Tech,5392941245537608590
1027,Financialservices,3247786743286756867
1028,Chemicals,-818748575553705624
1029,Carretail,6786009806407624192
1029,Usedcarretailer,-6325853402836694818
1029,Internet,-848597773130649638
1029,ECommerce,5458971525214020641
1030,Food,4721068128442604370
1030,Restaurantchains,-8690128616648987675
1033,Footwear,-6317385944413730398
1033,Manufacturing,2771886960464485094
1035,Manufacturing,2771886960464485094
1036,Realestate,5170806780538916196
1042,Financialservices,3247786743286756867
1044,Healthcare,1473658128705581606
1044,Tech,5392941245537608590
1044,Telehealth,8571738462301140061
1044,Internet,-848597773130649638
1046,Realestate,5170806780538916196
1047,Financialservices,3247786743286756867
1049,Software,6273975210915946900
1049,Tech,5392941245537608590
1050,Food,4721068128442604370
1051,Agriculture,-4833034140269920163
1051,Machinerymanufacturing,3479839022665256278
1051,Manufacturing,2771886960464485094
1054,Professionalservices,8712968451453521438
1055,Software,6273975210915946900
1055,Tech,5392941245537608590
1056,Furniture,1511125769664533416
1057,Healthcare,1473658128705581606
1058,MediaPress,-6159643471181631199
1060,OilGas,7683904390150838630
1060,Energy,-2882595272621617431
1065,Infrastructure,7432902716785306754
1065,OilGas,7683904390150838630
1065,Transportation,-2725400413481745490
1065,Energy,-2882595272621617431
1069,Steelindustry,-54470019612759297
1070,Airlines,-6287371891685245861
1070,Travel,458727220244788973
1070,Transportation,-2725400413481745490
1071,Investment,-3683647381629899485
1073,Semiconductors,590283686970277566
1073,Tech,5392941245537608590
1073,TechHardware,-5791872359498690370
1075,Semiconductors,590283686970277566
1075,Tech,5392941245537608590
1075,TechHardware,-5791872359498690370
1075,Electronics,-4280093456798597290
1076,Software,6273975210915946900
1076,Tech,5392941245537608590
1078,Transportation,-2725400413481745490
1079,Transportation,-2725400413481745490
1080,Footwear,-6317385944413730398
1080,Retail,2932210656109287952
1081,Software,6273975210915946900
1081,Tech,5392941245537608590
1081,Healthcare,1473658128705581606
1086,Cannabis,2344263859226718052
1087,Aluminum,4789257477296730980
1088,Education,-2647921079241484351
1088,Tech,5392941245537608590
1092,Financialservices,3247786743286756867
1093,Tech,5392941245537608590
1093,Internet,-848597773130649638
1094,Financialservices,3247786743286756867
1096,Automakers,-2133819116979903276
1096,ElectricVehicles,7306870937902693610
1097,Pharmaceuticals,5380718181721596073
1097,Biotech,-6437318974046106094
1099,Cannabis,2344263859226718052
1104,Electronics,-4280093456798597290
1104,Manufacturing,2771886960464485094
1106,Medicaldevices,-2500090628927350323
1110,Healthcare,1473658128705581606
1110,StaffingEmploymentServices,-7635784744819376551
1110,Professionalservices,8712968451453521438
1112,Construction,6530315917355802760
1112,Infrastructure,7432902716785306754
1113,Manufacturing,2771886960464485094
1113,Conglomerate,7862095367587665244
1114,Medicaldevices,-2500090628927350323
1116,Investment,-3683647381629899485
1117,Tech,5392941245537608590
1117,ITservices,6845817224175256592
1117,Professionalservices,8712968451453521438
1118,Education,-2647921079241484351
1119,StockCryptoexchanges,-2482936595776465086
1119,Tech,5392941245537608590
1119,Internet,-848597773130649638
1119,Financialservices,3247786743286756867
1119,Bitcoin,1757249085431543515
1120,Internet,-848597773130649638
1123,Pharmaceuticals,5380718181721596073
1123,mRNAtherapeutics,-701434972725651811
1123,Biotech,-6437318974046106094
1124,Software,6273975210915946900
1124,Tech,5392941245537608590
1125,Financialservices,3247786743286756867
1127,Telecommunication,-3862064693147789081
1128,Software,6273975210915946900
1128,Tech,5392941245537608590
1130,Food,4721068128442604370
1131,Electronics,-4280093456798597290
1132,Internet,-848597773130649638
1132,ECommerce,5458971525214020641
1132,Tech,5392941245537608590
1135,Telecommunication,-3862064693147789081
1138,OilGas,7683904390150838630
1138,OilGasEquipmentServices,-5823085833726200737
1138,Energy,-2882595272621617431
1140,Engineering,-4107645347768548595
1140,Professionalservices,8712968451453521438
1142,Footwear,-6317385944413730398
1143,Software,6273975210915946900
1143,Tech,5392941245537608590
1144,Semiconductors,590283686970277566
1144,Tech,5392941245537608590
1144,TechHardware,-5791872359498690370
1146,Software,6273975210915946900
1146,Tech,5392941245537608590
1150,MediaPress,-6159643471181631199
1151,CoalMining,2697085083429856192
1151,Mining,7127826760677441784
1151,Energy,-2882595272621617431
1153,Financialservices,3247786743286756867
1153,Internet,-848597773130649638
1153,Tech,5392941245537608590
1154,Clothing,-4012403625881737752
1155,Healthcare,1473658128705581606
1156,Insurance,-2611088800210967206
1157,Furniture,1511125769664533416
1157,Retail,2932210656109287952
1158,Consumergoods,-4654293209815127527
1158,Manufacturing,2771886960464485094
1160,Cannabis,2344263859226718052
1161,Financialservices,3247786743286756867
1162,Stockexchanges,-1138978670617470884
1162,Financialservices,3247786743286756867
1162,StockCryptoexchanges,-2482936595776465086
1163,Steelproducers,4242005143441865998
1163,Steelindustry,-54470019612759297
1163,WasteRecycling,-8067709401467209413
1164,Food,4721068128442604370
1165,Beverages,-5284870312286199973
1167,OilGas,7683904390150838630
1167,Energy,-2882595272621617431
1169,Gambling,-2553870588303058339
1169,Entertainment,6852268802481802111
1169,Internet,-848597773130649638
1170,Healthcare,1473658128705581606
1170,MedicalCareFacilities,-1383796583637029543
1171,Financialservices,3247786743286756867
1171,Internet,-848597773130649638
1171,Tech,5392941245537608590
1176,Insurance,-2611088800210967206
1177,Banks,-3731527361154377479
1177,Financialservices,3247786743286756867
1182,Software,6273975210915946900
1182,Tech,5392941245537608590
1183,Restaurantchains,-8690128616648987675
1183,Food,4721068128442604370
1184,Financialservices,3247786743286756867
1185,AutomotiveSuppliers,-5087768184139776565
1186,ECommerce,5458971525214020641
1186,Internet,-848597773130649638
1186,Recommerce,8358078586084432188
1186,Tech,5392941245537608590
1187,Advertising,-8917243490172367829
1188,OilGasEquipmentServices,-5823085833726200737
1188,OilGas,7683904390150838630
1188,Energy,-2882595272621617431
1189,Utilitycompanies,-7880188492962909296
1189,Electricity,-800801453892895456
1189,Energy,-2882595272621617431
1190,OilGas,7683904390150838630
1190,Energy,-2882595272621617431
1191,SpecialtyVehicles,-5522482237379519668
1191,Manufacturing,2771886960464485094
1192,Mining,7127826760677441784
1192,CoalMining,2697085083429856192
1193,Restaurantchains,-8690128616648987675
1193,Food,4721068128442604370
1194,Retail,2932210656109287952
1194,Sportsgoods,-818079648815732376
1195,Defensecontractors,6178421995435006470
1196,Software,6273975210915946900
1196,Tech,5392941245537608590
1197,Healthcare,1473658128705581606
1198,Software,6273975210915946900
1198,Tech,5392941245537608590
1199,Pulpandpaper,-6437840659131807937
1200,Software,6273975210915946900
1200,Tech,5392941245537608590
1201,Investment,-3683647381629899485
1202,Telecommunicationsequipment,-8592063776107010306
1205,Insurance,-2611088800210967206
1206,Utilitycompanies,-7880188492962909296
1208,Healthcare,1473658128705581606
1208,Insurance,-2611088800210967206
1209,Software,6273975210915946900
1209,Internet,-848597773130649638
1209,Tech,5392941245537608590
1211,Financialservices,3247786743286756867
1212,Telecommunication,-3862064693147789081
1214,Food,4721068128442604370
1218,Software,6273975210915946900
1218,Tech,5392941245537608590
1219,MedicalCareFacilities,-1383796583637029543
1219,Healthcare,1473658128705581606
1220,Engineering,-4107645347768548595
1220,Professionalservices,8712968451453521438
1221,OilGas,7683904390150838630
1221,Energy,-2882595272621617431
1222,Financialservices,3247786743286756867
1223,Manufacturing,2771886960464485094
1226,Electronics,-4280093456798597290
1226,Manufacturing,2771886960464485094
1227,Banks,-3731527361154377479
1227,Financialservices,3247786743286756867
1228,Software,6273975210915946900
1228,Tech,5392941245537608590
1228,Education,-2647921079241484351
1229,Food,4721068128442604370
1231,Food,4721068128442604370
1232,Tech,5392941245537608590
1232,Software,6273975210915946900
1233,Semiconductors,590283686970277566
1233,Tech,5392941245537608590
1234,Financialservices,3247786743286756867
1235,Internet,-848597773130649638
1235,Tech,5392941245537608590
1235,ITsecurity,2028367090288460929
1235,Software,6273975210915946900
1236,Software,6273975210915946900
1236,Tech,5392941245537608590
1238,Entertainment,6852268802481802111
1240,Realestate,5170806780538916196
1240,Investment,-3683647381629899485
1240,REITs,-5778598063774395952
1242,Electronics,-4280093456798597290
1242,Tech,5392941245537608590
1242,TechHardware,-5791872359498690370
1244,Pulpandpaper,-6437840659131807937
1246,Clothing,-4012403625881737752
1247,Clothing,-4012403625881737752
1247,Retail,2932210656109287952
1248,Pharmaceuticals,5380718181721596073
1250,DiagnosticsandTesting,8004627630865990902
1250,Healthcare,1473658128705581606
1251,DiagnosticsandTesting,8004627630865990902
1251,Genomics,3498623662508482428
1251,Biotech,-6437318974046106094
1252,Education,-2647921079241484351
1252,Retail,2932210656109287952
1254,Transportation,-2725400413481745490
1255,Tech,5392941245537608590
1255,Electronics,-4280093456798597290
1255,Networkinghardware,-4800082983762754847
1255,TechHardware,-5791872359498690370
1257,Fertilizercompanies,3820602402551651054
1258,Entertainment,6852268802481802111
1260,Education,-2647921079241484351
1260,Internet,-848597773130649638
1260,Tech,5392941245537608590
1262,Hotels,-4147010109171616253
1262,Entertainment,6852268802481802111
1262,Travel,458727220244788973
1263,Aerospace,-4642465698626703435
1264,Biotech,-6437318974046106094
1264,Medicaldevices,-2500090628927350323
1265,Clothing,-4012403625881737752
1265,Retail,2932210656109287952
1266,Construction,6530315917355802760
1269,Food,4721068128442604370
1270,Clothing,-4012403625881737752
1270,Retail,2932210656109287952
1270,Internet,-848597773130649638
1270,ECommerce,5458971525214020641
1270,Tech,5392941245537608590
1273,Tech,5392941245537608590
1273,Software,6273975210915946900
1273,Construction,6530315917355802760
1276,Banks,-3731527361154377479
1276,Financialservices,3247786743286756867
1276,Investment,-3683647381629899485
1278,OnlineTravel,-6625258044840405860
1278,Internet,-848597773130649638
1280,OilGas,7683904390150838630
1280,Energy,-2882595272621617431
1281,Aerospace,-4642465698626703435
1282,Food,4721068128442604370
1282,Agriculture,-4833034140269920163
1283,Furniture,1511125769664533416
1283,Retail,2932210656109287952
1284,Realestate,5170806780538916196
1284,Investment,-3683647381629899485
1285,Banks,-3731527361154377479
1285,Financialservices,3247786743286756867
1288,Realestate,5170806780538916196
1288,Internet,-848597773130649638
1290,Engineering,-4107645347768548595
1290,Professionalservices,8712968451453521438
1291,Entertainment,6852268802481802111
1293,Energy,-2882595272621617431
1293,OilGas,7683904390150838630
1294,Food,4721068128442604370
1295,Retail,2932210656109287952
1295,Clothing,-4012403625881737752
1296,Financialservices,3247786743286756867
1296,AssetManagement,3395336196960591160
1296,Insurance,-2611088800210967206
1298,Electronics,-4280093456798597290
1298,Tech,5392941245537608590
1298,TechHardware,-5791872359498690370
1298,Semiconductors,590283686970277566
1299,Professionalservices,8712968451453521438
1299,StaffingEmploymentServices,-7635784744819376551
1300,Software,6273975210915946900
1300,Tech,5392941245537608590
1303,ECommerce,5458971525214020641
1303,Internet,-848597773130649638
1303,Tech,5392941245537608590
1304,Banks,-3731527361154377479
1304,Financialservices,3247786743286756867
1305,Food,4721068128442604370
1306,Medicaldevices,-2500090628927350323
1312,Pharmaceuticals,5380718181721596073
1312,Biotech,-6437318974046106094
1313,DiagnosticsandTesting,8004627630865990902
1313,Genomics,3498623662508482428
1314,Tech,5392941245537608590
1314,Software,6273975210915946900
1316,3DPrinting,268182807649512788
1316,Tech,5392941245537608590
1317,Healthcare,1473658128705581606
1318,Gambling,-2553870588303058339
1318,Entertainment,6852268802481802111
1319,Telecommunicationsequipment,-8592063776107010306
1320,Restaurantchains,-8690128616648987675
1320,Food,4721068128442604370
1321,Healthcare,1473658128705581606
1321,Insurance,-2611088800210967206
1322,Software,6273975210915946900
1322,Tech,5392941245537608590
1322,ITservices,6845817224175256592
1322,Professionalservices,8712968451453521438
1323,Food,4721068128442604370
1323,Restaurantchains,-8690128616648987675
1324,Software,6273975210915946900
1324,Tech,5392941245537608590
1325,Food,4721068128442604370
1326,Industrialsupplies,-8166891159001610022
1329,Footwear,-6317385944413730398
1329,Retail,2932210656109287952
1330,Airlines,-6287371891685245861
1330,Travel,458727220244788973
1330,Transportation,-2725400413481745490
1331,ScientificTechnicalInstruments,-2149647711263352644
1332,Software,6273975210915946900
1332,Tech,5392941245537608590
1333,Education,-2647921079241484351
1334,Cannabis,2344263859226718052
1335,Professionalservices,8712968451453521438
1335,Construction,6530315917355802760
1336,Financialservices,3247786743286756867
1336,Internet,-848597773130649638
1338,Financialservices,3247786743286756867
1339,Beverages,-5284870312286199973
1339,Alcoholicbeverages,-7749993172415088463
1344,Aluminum,4789257477296730980
1345,Financialservices,3247786743286756867
1345,Tech,5392941245537608590
1345,Internet,-848597773130649638
1346,Insurance,-2611088800210967206
1349,Internet,-848597773130649638
1349,OnlineDating,-1696952794036422975
1349,Tech,5392941245537608590
1350,Retail,2932210656109287952
1350,Clothing,-4012403625881737752
1352,Advertising,-8917243490172367829
1352,Professionalservices,8712968451453521438
1353,Healthcare,1473658128705581606
1354,Defensecontractors,6178421995435006470
1356,Videogames,7351854534314693888
1356,Tech,5392941245537608590
1356,TechHardware,-5791872359498690370
1358,Utilitycompanies,-7880188492962909296
1358,Electricity,-800801453892895456
1358,Energy,-2882595272621617431
1359,Aerospace,-4642465698626703435
1359,Electronics,-4280093456798597290
1360,Banks,-3731527361154377479
1360,Financialservices,3247786743286756867
1361,Education,-2647921079241484351
1361,Internet,-848597773130649638
1361,Tech,5392941245537608590
1362,Semiconductors,590283686970277566
1362,Tech,5392941245537608590
1363,Construction,6530315917355802760
1366,OilGas,7683904390150838630
1366,Energy,-2882595272621617431
1367,OilGas,7683904390150838630
1367,Energy,-2882595272621617431
1368,Realestate,5170806780538916196
1368,REITs,-5778598063774395952
1368,Investment,-3683647381629899485
1370,Pharmaceuticals,5380718181721596073
1370,Biotech,-6437318974046106094
1371,Furniture,1511125769664533416
1372,Banks,-3731527361154377479
1372,Financialservices,3247786743286756867
1374,Realestate,5170806780538916196
1374,Investment,-3683647381629899485
1374,REITs,-5778598063774395952
1378,Software,6273975210915946900
1378,Tech,5392941245537608590
1379,Sportsgoods,-818079648815732376
1380,Retail,2932210656109287952
1382,Realestate,5170806780538916196
1384,Biotech,-6437318974046106094
1384,Genomics,3498623662508482428
1384,DiagnosticsandTesting,8004627630865990902
1387,Cannabis,2344263859226718052
1389,OilGas,7683904390150838630
1389,Energy,-2882595272621617431
1390,Agriculture,-4833034140269920163
1392,Banks,-3731527361154377479
1392,Financialservices,3247786743286756867
1393,Software,6273975210915946900
1393,ITsecurity,2028367090288460929
1393,Tech,5392941245537608590
1394,ITsecurity,2028367090288460929
1394,Tech,5392941245537608590
1394,Software,6273975210915946900
1396,Healthcare,1473658128705581606
1397,MediaPress,-6159643471181631199
1399,OilGas,7683904390150838630
1399,OilGasEquipmentServices,-5823085833726200737
1399,Energy,-2882595272621617431
1400,Telecommunication,-3862064693147789081
